"","X.1","X","litterID","username","user_id","dateprintedcleaned","TimestampDatecleaned","Timedifference","Locationaddresscleaned","Non.Specific.Location.Address","Manual.Lat","Manual.Lon","Locationnamecleaned","Itemized","paymentmethodcleaned","Value","lat","lon","LocLat","LocLon","litterIDcheck","latrad","lonrad","LocationLatrad","LocationLonrad","DistanceFromLocation","Location.Type","googleformattedaddress","googleformattedlat","googleformattedlon","googleformattedname","googleLatrad","googleLonrad","changelat","changelon","a","c","googledistancemeters","bearing","startdate","enddate","meanbearing","differencebearings","precip","Precip"
"1",1,1,2136692,"mchou009",101103,"2018-10-25","2018-11-06",12,"Unknown","900 University Ave, Riverside, CA 92521",33.97403,-117.328866,"Hibachi San","Bowl of Food(10.00), Donation(0.12)","Card",11,33.9758128,-117.332552,33.97403,-117.328866,2136692,0.592989799401234,-2.04783935216746,0.592958683671329,-2.04777501933123,393.479253762858,"Restaurant","Ground floor, 900 University Ave, Riverside, CA 92521, United States",33.9740425,-117.3288779,"Hibachi-San",0.592958901837486,-2.04777522702541,3.08975637479669e-05,-6.41251420478994e-05,9.45635486123115e-10,6.15023734963519e-05,391.831621545258,115.812767573384,2018-10-25,2018-11-06,-13.4308485957185,129.243616169103,FALSE,FALSE
"2",2,2,2158521,"andhika-hammond",100639,"2018-10-27","2018-11-07",11,"1615 S Riverside Ave, Rialto, CA 92376",NA,NA,NA,"McDonalds","Coffee(1.00), Creamer packet, Splenda packet","Cash",1.08,33.938994,-117.2843821,34.0721804,-117.3697726,2158521,0.5923471901146,-2.0469986288121,0.594671731313479,-2.04848897418703,16771.4427198158,"Restaurant","6250 Valley Springs Pkwy, Riverside, CA 92507, United States",33.9385996,-117.286101,"McDonald's",0.592340306536031,-2.04702862927661,6.88357856981625e-06,3.00004645126251e-05,1.66716698184669e-10,2.58237641093574e-05,164.523201140716,327.336039571305,2018-10-27,2018-11-07,-21.647162702653,11.0167977260418,FALSE,FALSE
"3",3,3,2158549,"andhika-hammond",100639,"2018-11-05","2018-11-07",2,"23921 Sunnymead Boulevard Ste A, Moreno Valley, CA 92553",NA,NA,NA,"Family Dollar","Kotex Tampons(5.85), Covergirl Foundation Makeup(6.25)","Card",13.04,33.9390276,-117.2844224,33.9377976,-117.2457086,2158549,0.592347776545229,-2.04699933217979,0.59232630899543,-2.04632364890383,3574.02614383651,"Dollar Store","23921 Sunnymead Boulevard Ste A, Moreno Valley, CA 92553, United States",33.9377976,-117.2457086,"Family Dollar",0.59232630899543,-2.04632364890383,2.1467549799481e-05,-0.000675683275958683,7.86756314365706e-08,0.000560983541647545,3574.02614383651,91.8198610694662,2018-11-05,2018-11-07,-61.1047786550422,152.924639724508,FALSE,FALSE
"4",4,4,2158566,"andhika-hammond",100639,"2018-10-12","2018-11-07",26,"12880 Day St in Moreno Valley, CA",NA,NA,NA,"Winco Foods","Unknown","Card",4.17,33.9390046,-117.284459,33.9337361,-117.2747761,2158566,0.592347375119501,-2.0469999709703,0.59225542244786,-2.04683097248415,1068.24794309035,"Supermarket","12880 Day St, Moreno Valley, CA 92553, United States",33.9336967,-117.2749023,"WinCo Foods",0.592254734788134,-2.04683317508967,9.2640331366578e-05,-0.000166795880625514,6.93306156698463e-09,0.000166530016309458,1060.96273390756,118.552051900869,2018-10-12,2018-11-07,-28.0121348978871,146.564186798757,TRUE,FALSE
"5",5,5,2160954,"andhika-hammond",100639,"2018-10-27","2018-11-13",17,"6250 Valley Springs Pkwy, Riverside, CA 92507",NA,NA,NA,"McDonalds","2 L Iced Tea(2.00)","Cash",2.18,33.9390728,-117.2844701,33.9384322,-117.2861652,2160954,0.592348565434051,-2.04700016470184,0.592337384854863,-2.04702974977799,171.834394365091,"Restaurant","6250 Valley Springs Pkwy, Riverside, CA 92507, United States",33.9385996,-117.286101,"McDonald's",0.592340306536031,-2.04702862927661,8.2588980203635e-06,2.84645747710144e-05,1.56471533975419e-10,2.50177164412406e-05,159.387871447144,249.296766761996,2018-10-27,2018-11-13,6.34150164997233,117.044734887977,FALSE,FALSE
"6",6,6,2160963,"andhika-hammond",100639,NA,"2018-11-13",NA,"Unknown",NA,NA,NA,"99 Cents Only","Unknown","Unknown",NA,33.9390855,-117.2845196,NA,NA,2160963,0.592348787090866,-2.04700102863982,NA,NA,NA,"Dollar Store","12530 Day St, Moreno Valley, CA 92553, United States",33.9382192,-117.2780031,"99 Cents Only Stores",0.592333667303556,-2.04688729425912,1.51197873097253e-05,-0.000113734380705388,2.28301559524646e-09,9.5561824950842e-05,608.824386761815,NA,NA,2018-11-13,NA,NA,FALSE,FALSE
"7",7,7,2121852,"andhika-hammond",100639,NA,"2018-11-03",NA,"6250 Valley Springs Pkwy, Riverside, CA 92507",NA,NA,NA,"Walmart","Unknown","Unknown",NA,33.9388077,-117.2845427,33.9384322,-117.2861652,2121852,0.592343938566204,-2.04700143181088,0.592337384854863,-2.04702974977799,155.392439365538,"Hypermarket","6250 Valley Springs Pkwy, Riverside, CA 92507, United States",33.9384322,-117.2861652,"Walmart Supercenter",0.592337384854863,-2.04702974977799,6.55371134128391e-06,2.83179671138889e-05,1.48725201898038e-10,2.43905885050288e-05,155.392439365538,256.96860915711,NA,2018-11-03,NA,NA,FALSE,FALSE
"8",8,8,2121930,"andhika-hammond",100639,NA,"2018-11-03",NA,"8330 Indiana Ave d, Riverside, CA 92504",NA,NA,NA,"Castrol","Service","Unknown",NA,33.9388092,-117.2845516,33.9249992,-117.4188444,2121930,0.592343964746143,-2.04700158714518,0.592102934776442,-2.04934543866691,12484.4659195885,"Car Service","Chino, CA 91710, United States",34.019671,-117.6902575,"Castrol",0.593755269395232,-2.05408249089495,-0.00141130464908923,0.00708090374976678,9.11732225908715e-06,0.00603898997109404,38474.4051058401,264.128327817791,NA,2018-11-03,NA,NA,FALSE,FALSE
"9",9,9,2137371,"andhika-hammond",100639,"2018-11-04","2018-11-05",1,"6250 Valley Springs Pkwy, Riverside, CA 92507",NA,NA,NA,"Walmart","Trim Stew MT 025994690795(7.95), Trim Stew MT 025994640789(7.89), Plastic bag(0.10)","Cash",15.94,33.9387969,-117.2845729,33.9384322,-117.2861652,2137371,0.592343750070645,-2.04700195890031,0.592337384854863,-2.04702974977799,152.386780016832,"Hypermarket","6250 Valley Springs Pkwy, Riverside, CA 92507, United States",33.9384322,-117.2861652,"Walmart Supercenter",0.592337384854863,-2.04702974977799,6.36521578201155e-06,2.77908776795677e-05,1.43027445862302e-10,2.39188165149634e-05,152.386780016832,257.09883403696,2018-11-04,2018-11-05,-20.5,82.4011659630397,FALSE,FALSE
"10",10,10,2137380,"andhika-hammond",100639,NA,"2018-11-05",NA,"Unknown",NA,NA,NA,"Winco Foods","Unknown","Unknown",3.38,33.9388068,-117.2845352,NA,NA,2137380,0.592343922858241,-2.04700130091119,NA,NA,NA,"Supermarket","12880 Day St, Moreno Valley, CA 92553, United States",33.9336967,-117.2749023,"WinCo Foods",0.592254734788134,-2.04683317508967,8.91880701062719e-05,-0.000168125821515375,6.85279342717874e-09,0.000165563201742807,1054.80315830342,NA,NA,2018-11-05,NA,NA,FALSE,FALSE
"11",11,11,2137384,"andhika-hammond",100639,NA,"2018-11-05",NA,"Unknown",NA,NA,NA,NA,"Unknown","Unknown",NA,33.9387424,-117.2844224,NA,NA,2137384,0.592342798866202,-2.04699933217979,NA,NA,NA,"Unknown",NA,NA,NA,NA,NA,NA,NA,NA,NA,NA,NA,NA,NA,2018-11-05,NA,NA,FALSE,FALSE
"12",12,12,2137389,"andhika-hammond",100639,"2018-10-30","2018-11-05",6,"12880 Day St in Moreno Valley, CA",NA,NA,NA,"Winco Foods","6 Mar Ins Chili S 4178900115(1.80), Powerade MIN B 4900004565(3.68), N/Valy Granola Bar 1600043101(4.67), 3 Kars Swt & Slty 7703401236(2.34), 3 Salted Peanuts 7703401237(2.34)","Card",15.23,33.9387499,-117.2844314,33.9337361,-117.2747761,2137389,0.592342929765896,-2.04699948925942,0.59225542244786,-2.04683097248415,1050.82474253324,"Supermarket","12880 Day St, Moreno Valley, CA 92553, United States",33.9336967,-117.2749023,"WinCo Foods",0.592254734788134,-2.04683317508967,8.81949777618019e-05,-0.000166314169752102,6.70449364156989e-09,0.000163761944987879,1043.32735151778,117.443181374421,2018-10-30,2018-11-05,2.22339710369474,115.219784270726,FALSE,FALSE
"13",13,13,2137415,"andhika-hammond",100639,NA,"2018-11-05",NA,"Unknown",NA,NA,NA,"Walmart","Unknown","Unknown",NA,33.9387178,-117.2844262,NA,NA,2137415,0.592342369515206,-2.0469993985023,NA,NA,NA,"Hypermarket","6250 Valley Springs Pkwy, Riverside, CA 92507, United States",33.9384322,-117.2861652,"Walmart Supercenter",0.592337384854863,-2.04702974977799,4.98466034370981e-06,3.03512756922864e-05,1.64726467845226e-10,2.56691618760154e-05,163.538230312094,NA,NA,2018-11-05,NA,NA,FALSE,FALSE
"14",14,14,2107371,"andhika-hammond",100639,"2018-10-27","2018-10-29",2,"6250 Valley Springs Pkwy, Riverside, CA 92507",NA,NA,NA,"Walmart","AB Unswt Mlk(4.00)","Card",4.1,33.9388496,-117.2841295,33.9384322,-117.2861652,2107371,0.59234466985916,-2.04699422011041,0.592337384854863,-2.04702974977799,193.44631737795,"Hypermarket","6250 Valley Springs Pkwy, Riverside, CA 92507, United States",33.9384322,-117.2861652,"Walmart Supercenter",0.592337384854863,-2.04702974977799,7.28500429780787e-06,3.55296675826899e-05,2.30486626527538e-10,3.03635720260477e-05,193.44631737795,258.412070121865,2018-10-27,2018-10-29,-24.346778905634,77.2411509725014,FALSE,FALSE
"15",15,15,2107413,"andhika-hammond",100639,"2018-10-25","2018-10-29",4,"2755 Canyon Springs Pkwy, Riverside, CA 92507",NA,NA,NA,"Target","$25 BK Gift card 276030432(25.00)","Card",NA,33.9389394,-117.2842934,33.938665,-117.2824913,2107413,0.592346237164829,-2.04699708070505,0.592341447981361,-2.0469656281266,169.02257413917,"Hypermarket","2755 Canyon Springs Pkwy, Riverside, CA 92507, United States",33.9386283,-117.2824994,"Target",0.592340807445526,-2.04696576949827,5.4297193030628e-06,-3.1311206780682e-05,1.76069764742479e-10,2.65382565179262e-05,169.075232275708,98.6581988114947,2018-10-25,2018-10-29,-13.2675509066895,111.925749718184,FALSE,FALSE
"16",16,16,2107466,"andhika-hammond",100639,"2018-10-26","2018-10-29",3,"6250 Valley Springs Pkwy, Riverside, CA 92507",NA,NA,NA,"McDonalds","Happy Meal(5.28), Mcnuggets(5.39), 2 Cheeseburgers(2.00), L Fries(2.59), L Coke(1.00)","Card",17.68,33.9390221,-117.2844502,33.9384322,-117.2861652,2107466,0.59234768055212,-2.04699981738132,0.592337384854863,-2.04702974977799,171.269453922068,"Restaurant","6250 Valley Springs Pkwy, Riverside, CA 92507, United States",33.9385996,-117.286101,"McDonald's",0.592340306536031,-2.04702862927661,7.37401608963406e-06,2.88118952922467e-05,1.56436400129541e-10,2.50149075663052e-05,159.36997610493,251.017633719466,2018-10-26,2018-10-29,-7.93145452691963,101.050911753615,FALSE,FALSE
"17",17,17,2127753,"andhika-hammond",100639,"2018-11-03","2018-11-04",1,"6250 Valley Springs Pkwy, Riverside, CA 92507",NA,NA,NA,"Walmart","WRLS Lamp 084135115356(19.88)","Cash",21.62,33.9388866,-117.2842178,33.9384322,-117.2861652,2127753,0.592345315630984,-2.04699576123614,0.592337384854863,-2.04702974977799,186.62034905487,"Hypermarket","6250 Valley Springs Pkwy, Riverside, CA 92507, United States",33.9384322,-117.2861652,"Walmart Supercenter",0.592337384854863,-2.04702974977799,7.93077612104565e-06,3.39885418534358e-05,2.14507654051875e-10,2.9292159638184e-05,186.62034905487,256.865114260447,2018-11-03,2018-11-04,-10.8,92.3348857395533,FALSE,FALSE
"18",18,18,2127758,"andhika-hammond",100639,"2018-10-05","2018-11-04",30,"6250 Valley Springs Pkwy, Riverside, CA 92507",NA,NA,NA,"Walmart","Yard Pest 007154902215(13.24), Tablecloth 002833262197(12.84), 3 Chicken Rice 001530020001(3.00), 5PK 1 Brief 004529904814(9.64)","Check",41.85,33.9389139,-117.2842395,33.9384322,-117.2861652,2127758,0.59234579210587,-2.04699613997259,0.592337384854863,-2.04702974977799,185.547465934741,"Hypermarket","6250 Valley Springs Pkwy, Riverside, CA 92507, United States",33.9384322,-117.2861652,"Walmart Supercenter",0.592337384854863,-2.04702974977799,8.40725100692552e-06,3.36098054058986e-05,2.12048328490823e-10,2.91237585833842e-05,185.547465934741,255.955335289535,2018-10-05,2018-11-04,-35.81006749978,68.2345972106851,TRUE,FALSE
"19",19,19,2127793,"andhika-hammond",100639,"2018-10-21","2018-11-04",14,"15350 Roy Rogers Dr, Victorville, CA 92393",NA,NA,NA,"Winco Foods","7-Up 2 oz, Camp Soup Bowl 5100014880, Camp CHX Noodle 5100001251, F/L Doritos 2840042075","Food Stamps",NA,33.9391261,-117.2845639,34.523006,-117.3290349,2127793,0.592349495694542,-2.04700180182068,0.602540122385757,-2.04777796719234,65053.0769641426,"Supermarket","12880 Day St, Moreno Valley, CA 92553, United States",33.9336967,-117.2749023,"WinCo Foods",0.592254734788134,-2.04683317508967,9.47609064079202e-05,-0.00016862673101059,7.13808196122913e-09,0.00016897434098955,1076.53552644442,355.644736906037,2018-10-21,2018-11-04,-23.1727400049373,18.8174769109745,FALSE,FALSE
"20",20,20,2149365,"hannah-hapich",99977,NA,"2018-11-09",NA,"Unknown",NA,NA,NA,NA,"Unknown","Unknown",NA,33.9432733,-117.2994327,NA,NA,2149365,0.592421877989281,-2.0472613113365,NA,NA,NA,"Unknown",NA,NA,NA,NA,NA,NA,NA,NA,NA,NA,NA,NA,NA,2018-11-09,NA,NA,FALSE,FALSE
"21",21,21,2079624,"hannah-hapich",99977,"2018-10-22","2018-10-24",2,"5700 Sycamore Canyon Blvd, Riverside, CA 92507",NA,NA,NA,"Jack in the Box","Jr Bacon CB(1.49), 2 Tacos(1.19), Value Fry(1.00), Jr Jumbo Jack(1.79)","Cash",5.95,33.9427593,-117.2992832,33.9468993,-117.3016278,2079624,0.592412906996926,-2.04725870206927,0.592485163627958,-2.04729962305891,508.620650181758,"Restaurant","5700 Sycamore Canyon Blvd, Riverside, CA 92507, United States",33.9469865,-117.301688,"Jack in the Box",0.592486685555066,-2.04730067374712,-7.37785581402806e-05,4.19716778514712e-05,1.66390374475209e-09,8.15819525550829e-05,519.758619728433,330.477199483457,2018-10-22,2018-10-24,-78.5871404770706,49.0643399605275,FALSE,FALSE
"22",22,22,2079670,"hannah-hapich",99977,"2018-10-18","2018-10-24",6,"6250 Valley Springs Pkwy, Riverside, CA 92507",NA,NA,NA,"McDonalds","Apple pie(0.89), Cookie(0.78)","Cash",1.82,33.9429076,-117.2992401,33.9384322,-117.2861652,2079670,0.592415495320206,-2.04725794983236,0.592337384854863,-2.04702974977799,1304.77586321896,"Restaurant","6250 Valley Springs Pkwy, Riverside, CA 92507, United States",33.9385996,-117.286101,"McDonald's",0.592340306536031,-2.04702862927661,7.51887841757837e-05,-0.000229320555748647,1.04618998736227e-08,0.000204566858607219,1303.29545618659,108.896470091666,2018-10-18,2018-10-24,-68.3703471636588,177.266817255325,FALSE,FALSE
"23",23,23,2079644,"hannah-hapich",99977,"2018-10-19","2018-10-24",5,"3849 Chicago Ave, Riverside, CA 92507",NA,NA,NA,"Rite Aid","2 Purepro PNT BTR 1.76Z(3.98)","Cash",3.98,33.943119,-117.299295,33.9750241,-117.3493138,2079644,0.592419184946245,-2.04725890801812,0.592976033989423,-2.04813190076602,5819.58856663917,"Drugstore","5225 Canyon Crest Dr #8, Riverside, CA 92507, United States",33.9559734,-117.3304244,"Rite Aid",0.592643536549614,-2.04780221854229,-0.000224351603368311,0.000543310524170337,6.33642727416672e-08,0.000503445226732803,3207.44953951469,302.533656902129,2018-10-19,2018-10-24,-68.3703471636588,10.9040040657875,FALSE,FALSE
"24",24,24,2079649,"hannah-hapich",99977,"2018-10-19","2018-10-24",5,"Unknown","Val Electric ONTA/MS Alessandro 13 Job #1704 MS Alessandro 13 BLDGS 14120 , 14130, 14100, 14080, 14060, Meridian Pkwy, Riverside, CA 92508",33.914361,-117.291442,"Rexel","2 3M 1700C-Green Vinyl Color Coding Tape 3/4"" X 66' [1.5 Core] UPC: 05400750651","Unknown",NA,33.9431461,-117.29937,33.914361,-117.291442,2079649,0.592419657930472,-2.04726021701506,0.591917263159957,-2.04712184731196,3283.27120397645,"Specialty Store","1321 S State College Blvd, Fullerton, CA 92831, United States",33.8584406,-117.8896697,"Rexel",0.590941268060924,-2.0575628903536,0.00147838986954796,0.0103026733385345,1.88272698590918e-05,0.00867810763142326,55288.2237197976,164.6021471541,2018-10-19,2018-10-24,-68.3703471636588,127.027505682241,FALSE,FALSE
"25",25,25,2104849,"hannah-hapich",99977,"2018-10-18","2018-10-25",7,"733 E Huntington Dr, Monrovia, CA 91016",NA,NA,NA,"Taco Bell","7-Layer Burrito(3.19), Chz Quesadilla(3.34), Cheezy gordita crunch(3.54), Double Decker Supreme Taco(3.24), Medium Mango Fiesta Drink(1.89)","Cash",16.64,33.9426444,-117.2988728,34.1404907,-117.9885012,2104849,0.592410901613615,-2.04725153923802,0.595863970961504,-2.05928782543328,67242.4958736349,"Restaurant","22585 Alessandro Blvd, Moreno Valley, CA 92553, United States",33.9166414,-117.2686047,"Taco Bell",0.591957063648219,-2.0467232612347,0.000453837965395887,-0.000528278003323113,9.95243624291699e-08,0.000630949651654931,4019.78023069356,286.008443427044,2018-10-18,2018-10-25,-61.3718273366844,12.6197292362712,FALSE,FALSE
"26",26,26,2095386,"stanley-7",101265,NA,"2018-10-25",NA,"Unknown",NA,NA,NA,NA,"Unknown","Unknown",NA,33.9990404,-117.3612528,NA,NA,2095386,0.59339519749857,-2.04834027562541,NA,NA,NA,"Unknown",NA,NA,NA,NA,NA,NA,NA,NA,NA,NA,NA,NA,NA,2018-10-25,NA,NA,FALSE,FALSE
"27",27,27,2095393,"stanley-7",101265,NA,"2018-10-25",NA,"Unknown",NA,NA,NA,NA,"Creamy Ranch Cup","Card",NA,33.998963,-117.3613465,NA,NA,2095393,0.593393846613729,-2.04834191099892,NA,NA,NA,"Unknown",NA,NA,NA,NA,NA,NA,NA,NA,NA,NA,NA,NA,NA,2018-10-25,NA,NA,FALSE,FALSE
"28",28,28,2095396,"stanley-7",101265,NA,"2018-10-25",NA,"Unknown",NA,NA,NA,NA,"Unknown","Unknown",NA,33.9988405,-117.3613633,NA,NA,2095396,0.593391708585395,-2.04834220421424,NA,NA,NA,"Unknown",NA,NA,NA,NA,NA,NA,NA,NA,NA,NA,NA,NA,NA,2018-10-25,NA,NA,FALSE,FALSE
"29",29,29,2116507,"stanley-7",101265,"2018-10-18","2018-10-31",13,"18641 Van Buren Boulevard, Riverside, CA 92508",NA,NA,NA,"Dunkin Donuts","Munchkin Donut holes","Card",18.25,33.9989268,-117.3615373,33.8867888,-117.3385681,2116507,0.59339321480454,-2.04834524108714,0.591436037487938,-2.04794435292059,12647.917632391,"Donut Shop","18641 Van Buren Boulevard, Riverside, CA 92508, United States",33.8867888,-117.3385681,"Dunkin'",0.591436037487938,-2.04794435292059,0.0019571773166015,-0.000400888166548707,9.85286910378275e-07,0.00198523271580458,12647.917632391,168.42483454495,2018-10-18,2018-10-31,-29.5742123388222,162.000953116228,FALSE,FALSE
"30",30,30,2116635,"stanley-7",101265,NA,"2018-11-01",NA,"Unknown",NA,NA,NA,NA,"Unknown","Unknown",NA,33.9984031,-117.3616883,NA,NA,2116635,0.593384074515247,-2.04834787653431,NA,NA,NA,"Unknown",NA,NA,NA,NA,NA,NA,NA,NA,NA,NA,NA,NA,NA,2018-11-01,NA,NA,FALSE,FALSE
"31",31,31,2202959,"stanley-7",101265,NA,"2018-11-29",NA,"Unknown",NA,NA,NA,NA,"Unknown","Unknown",NA,33.9980493,-117.3619325,NA,NA,2202959,0.593377899540353,-2.04835213862834,NA,NA,NA,"Unknown",NA,NA,NA,NA,NA,NA,NA,NA,NA,NA,NA,NA,NA,2018-11-29,NA,NA,FALSE,FALSE
"32",32,32,2183568,"stanley-7",101265,NA,"2018-11-21",NA,"Unknown",NA,NA,NA,NA,"Unknown","Unknown",NA,33.9987317,-117.3614974,NA,NA,2183568,0.593389809667169,-2.04834454470076,NA,NA,NA,"Unknown",NA,NA,NA,NA,NA,NA,NA,NA,NA,NA,NA,NA,NA,2018-11-21,NA,NA,FALSE,FALSE
"33",33,33,2183566,"stanley-7",101265,NA,"2018-11-21",NA,"Unknown",NA,NA,NA,NA,"Unknown","Unknown",NA,33.9988974,-117.3613911,NA,NA,2183566,0.593392701677739,-2.04834268941577,NA,NA,NA,"Unknown",NA,NA,NA,NA,NA,NA,NA,NA,NA,NA,NA,NA,NA,2018-11-21,NA,NA,FALSE,FALSE
"34",34,34,2166362,"stanley-7",101265,NA,"2018-11-16",NA,"12700 Day St, Moreno Valley, CA 92553",NA,NA,NA,"Costco","Unknown","Unknown",NA,33.9990222,-117.3612839,33.9353496,-117.2767968,2166362,0.593394879848646,-2.04834081842281,0.592283583335341,-2.04686624035235,10527.7622642391,"Warehouse Club","12700 Day St, Moreno Valley, CA 92553, United States",33.9359961,-117.2764319,"Costco Wholesale",0.592294866888955,-2.04685987164591,0.0011000129596912,-0.00148094677690214,6.79644056473215e-07,0.00164881073558524,10504.5731964136,127.004495816024,NA,2018-11-16,NA,NA,FALSE,FALSE
"35",35,35,2162575,"loktrevor",100911,NA,"2018-11-13",NA,"Unknown",NA,NA,NA,NA,"Unknown","Unknown",NA,34.1281979,-117.8060163,NA,NA,2162575,0.595649421127215,-2.05610286309311,NA,NA,NA,"Unknown",NA,NA,NA,NA,NA,NA,NA,NA,NA,NA,NA,NA,NA,2018-11-13,NA,NA,FALSE,FALSE
"36",36,36,2230571,"mchou009",101103,"2018-12-06","2018-12-09",3,"Unknown","900 University Ave, Riverside, CA 92521",33.973474,-117.327861,"UCR","Unknown","Unknown",NA,33.9758194,-117.3321748,33.973474,-117.327861,2230571,0.592989914592964,-2.04783276878552,0.592948979640688,-2.04775747877225,475.655357328326,"University","900 University Ave, Riverside, CA 92521, United States",33.9737055,-117.3280644,"University of California, Riverside",0.592953020077906,-2.04776102877195,3.68945150578393e-05,-7.17400135741286e-05,1.22515055619868e-09,7.0004301487809e-05,445.997404778831,118.534078904946,2018-12-06,2018-12-09,100.59787520441,17.9362037005361,FALSE,FALSE
"37",37,37,2230569,"mchou009",101103,"2018-12-04","2018-12-09",5,"1246 University Ave, Riverside, CA 92507",NA,NA,NA,"Wienerschnitzel","Unknown","Card",8.9,33.9758814,-117.3314136,33.9752343,-117.338423,2230569,0.5929909966971,-2.04781948333925,0.592979702671511,-2.04794182044784,650.338618350553,"Restaurant","1246 University Ave, Riverside, CA 92507, United States",33.975307,-117.33839,"Wienerschnitzel",0.592980971525877,-2.04794124448919,1.00251712232824e-05,0.000121761149936006,2.57404106067749e-09,0.00010147001651495,646.465475216745,264.725187834873,2018-12-04,2018-12-09,108.825629766594,155.899558068279,TRUE,FALSE
"38",38,38,2210680,"mchou009",101103,"2018-11-30","2018-12-01",1,"5225 Canyon Crest Dr, Riverside, CA 92507",NA,NA,NA,"Ralphs","2 BCMD Rolls(1.59 each), Salami LS PLLW PK(6.49), Frosted Sugar Cookie(3.99), LTHS XMS CKY(4.49)","Card",18.15,33.9757719,-117.3334678,33.9564166,-117.3312868,2210680,0.59298908556157,-2.04785533589275,0.592651271848858,-2.04781727026176,2161.58929089681,"Supermarket","5225 Canyon Crest Dr, Riverside, CA 92507, United States",33.9559152,-117.3320857,"Ralphs",0.592642520767989,-2.04783121369716,0.00034656479358075,-2.41221955916693e-05,3.01268511849245e-08,0.00034714176635759,2211.64019346421,173.571239233578,2018-11-30,2018-12-01,-38.5,147.928760766422,FALSE,FALSE
"39",39,39,2200299,"Unknown",92684,"2018-11-02","2018-11-27",25,"3333 Arlington Ave, Riverside, CA 92506",NA,NA,NA,"Target","Foodsaver 072100058(19.99)","Card",21.74,33.9759233,-117.3310888,33.9479466,-117.3823956,2200299,0.592991727990057,-2.04781381450984,0.592503442461214,-2.0487092870985,5662.83071854649,"Hypermarket","3333 Arlington Ave, Riverside, CA 92506, United States",33.947818,-117.382174,"Target",0.592501197967796,-2.04870541944888,0.000490530022260738,0.000891604939039503,1.96872046349895e-07,0.000887405339784318,5653.65941976589,241.395854070913,2018-11-02,2018-11-27,22.8785580010271,141.482703930114,FALSE,FALSE
"40",40,40,2183123,"mchou009",101103,"2018-11-19","2018-11-21",2,"3740 Iowa Ave, Riverside, CA 92507",NA,NA,NA,"Lollicup","Popcorn chicken(4.50)","Card",4.89,33.9758321,-117.3333084,33.9768351,-117.3395201,2183123,0.592990136249779,-2.04785255383792,0.593007641902177,-2.04796096845507,583.540663122762,"Coffee/Tea Shop","1223 University Ave, Riverside, CA 92507, United States",33.9762426,-117.3382879,"Boba Cafe",0.592997300826359,-2.04793946250802,-7.1645765794548e-06,8.69086701027477e-05,1.3113854324467e-09,7.24261122253554e-05,461.426760987739,279.172835232979,2018-11-19,2018-11-21,42.2396944718097,123.06685923883,FALSE,FALSE
"41",41,41,2183112,"mchou009",101103,"2018-11-11","2018-11-21",10,"6363 Valley Springs Pkwy, Riverside, CA 92507",NA,NA,NA,"Sam's Club","Polish/Comb 683503(1.50), Pizza combo 684155(2.49)","Cash",4.34,33.9757979,-117.3325344,33.9361277,-117.2888621,2183112,0.592989539347175,-2.04783904498951,0.59229716374225,-2.04707681956259,5973.5133630807,"Warehouse Club","6363 Valley Springs Pkwy, Riverside, CA 92507, United States",33.9355227,-117.2889186,"Sam's Club",0.592286604500276,-2.04707780567362,0.000702934846899206,-0.000761239315891338,2.2320377654507e-07,0.000944888973693129,6019.88765139892,132.252294788194,2018-11-11,2018-11-21,45.5163747554871,86.7359200327066,FALSE,FALSE
"42",42,42,2169256,"mchou009",101103,"2018-10-23","2018-11-17",25,"Parking Lot 6, Riverside, CA 92507",NA,NA,NA,"UCR Parking Services Lot 6","90 Min Parking(5.00)","Card",5,33.9757551,-117.3335593,33.9697976,-117.3274804,2169256,0.592988792346255,-2.04785693286901,0.592884814356068,-2.04775083604911,867.79087257501,"Parking Lot","900 University, Riverside, CA 92507, United States",33.969771,-117.3274545,"Parking Lot 6",0.592884350098487,-2.04775038400884,0.00010444224776851,-0.000106548860175693,4.67897656860435e-09,0.000136806090155401,871.591600380062,134.423663421566,2018-10-23,2018-11-17,0.0970786726358151,134.32658474893,FALSE,FALSE
"43",43,43,2210654,"mchou009",101103,NA,"2018-12-01",NA,"44239 Margarita Rd, Temecula, CA 92592",NA,NA,NA,"Arco","PREPâ€¦CA #05(15.00)","Card",15.35,33.9756309,-117.331529,33.4808036,-117.1024722,2210654,0.592986624647324,-2.04782149744921,0.584350259033571,-2.04382370211513,58958.9620277987,"Gas Station","1294 University Ave, Riverside, CA 92507, United States",33.975315,-117.339455,"ARCO",0.592981111152217,-2.04795983224572,5.51349510702348e-06,0.000138334796512929,3.29764579739787e-09,0.000114850264275233,731.711033697507,155.161595476582,NA,2018-12-01,NA,NA,FALSE,FALSE
"44",44,44,1929218,"Unknown",92684,NA,"2018-09-18",NA,"Unknown",NA,NA,NA,NA,"Unknown","Unknown",NA,34.0042052,-117.3546917,NA,NA,1929218,0.593485340263777,-2.04822576282786,NA,NA,NA,"Unknown",NA,NA,NA,NA,NA,NA,NA,NA,NA,NA,NA,NA,NA,2018-09-18,NA,NA,FALSE,FALSE
"45",45,45,1943675,"Unknown",92684,"2018-09-18","2018-09-21",3,"5642 30th St, Jurupa Valley, CA 92509",NA,NA,NA,"Jack in the Box","Jumbo Jack #4 w/ L fry & L coke(6.08), Side salad(1.59)","Unknown",NA,34.00389203,-117.3549627,34.0053691,-117.4002271,1943675,0.593479874416158,-2.04823049267013,0.593505654150941,-2.04902050548407,4175.69221661908,"Restaurant","1115 W La Cadena Dr, Riverside, CA 92501, United States",34.0031,-117.35188,"Jack in the Box",0.593466050884884,-2.04817668940528,1.38235312745483e-05,-5.3803264851382e-05,5.4513146304639e-10,4.66961010426115e-05,297.500859742478,271.869119609558,2018-09-18,2018-09-21,-98.8648440720924,10.7339636816499,FALSE,FALSE
"46",46,46,1958768,"Unknown",92684,NA,"2018-09-25",NA,"Unknown",NA,NA,NA,NA,"Unknown","Unknown",NA,34.00366648,-117.3554845,NA,NA,1958768,0.59347593782603,-2.04823959979817,NA,NA,NA,"Unknown",NA,NA,NA,NA,NA,NA,NA,NA,NA,NA,NA,NA,NA,2018-09-25,NA,NA,FALSE,FALSE
"47",47,47,1970066,"Unknown",92684,NA,"2018-09-28",NA,"Unknown",NA,NA,NA,NA,"Unknown","Unknown",NA,34.00366891,-117.3552194,NA,NA,1970066,0.593475980237531,-2.04823497293032,NA,NA,NA,"Unknown",NA,NA,NA,NA,NA,NA,NA,NA,NA,NA,NA,NA,NA,2018-09-28,NA,NA,FALSE,FALSE
"48",48,48,1970153,"Unknown",92684,NA,"2018-09-28",NA,"Unknown",NA,NA,NA,"Walmart","Unknown","Unknown",NA,34.00393206,-117.3550413,NA,NA,1970153,0.593480573071458,-2.04823186449893,NA,NA,NA,"Hypermarket","6250 Valley Springs Pkwy, Riverside, CA 92507, United States",33.9384322,-117.2861652,"Walmart Supercenter",0.592337384854863,-2.04702974977799,0.00114318821659531,-0.0012021147209329,5.7519011044161e-07,0.00151682592372739,9663.69796006722,NA,NA,2018-09-28,NA,NA,FALSE,FALSE
"49",49,49,1970154,"Unknown",92684,NA,"2018-09-28",NA,"Unknown",NA,NA,NA,NA,"Unknown","Unknown",NA,34.00390795,-117.355055,NA,NA,1970154,0.593480152272575,-2.04823210360903,NA,NA,NA,"Unknown",NA,NA,NA,NA,NA,NA,NA,NA,NA,NA,NA,NA,NA,2018-09-28,NA,NA,FALSE,FALSE
"50",50,50,1981952,"Unknown",92684,NA,"2018-10-01",NA,"7107 Arlington Ave, Riverside, CA 92503",NA,NA,NA,"Ruben's Tacos","Unknown","Card",NA,34.00409286,-117.3546701,33.9463291,-117.449628,1981952,0.593483379560895,-2.04822538583674,0.592475211760563,-2.04988271384252,10859.4143342676,"Restaurant","7107 Arlington Ave, Riverside, CA 92503, United States",33.9463653,-117.4499512,"Ruben's Tacos",0.592475843569753,-2.04988835474667,0.00100753599114267,0.00166296890992212,7.29237380019407e-07,0.00170790814423008,10881.0827868899,238.686113926096,NA,2018-10-01,NA,NA,FALSE,FALSE
"51",51,51,1982078,"Unknown",92684,"2018-09-30","2018-10-01",1,"10297 Magnolia Ave, Riverside, CA 92503",NA,NA,NA,"Bank of America","Cash(50.00)","Cash",50,34.00404928,-117.3548879,33.9126349,-117.4614659,1982078,0.593482618946407,-2.04822918716385,0.591887137031738,-2.05008932417404,14140.2300455669,"Bank","1680 University Ave, Riverside, CA 92507, United States",33.9751765,-117.3481089,"Bank of America (with Drive-thru ATM)",0.592978693871203,-2.04811087129386,0.000503925075203804,-0.000118315869992447,6.58910357263155e-08,0.000513384990717591,3270.77577586177,229.378050636137,2018-09-30,2018-10-01,-77.6000000000001,53.0219493638625,FALSE,FALSE
"52",52,52,1988518,"Unknown",92684,"2018-09-28","2018-10-03",5,"3707 Arlington Ave, Riverside, CA 92506",NA,NA,NA,"Starbucks","Grande Tea, Trenta Tea","Unknown",NA,34.00374903,-117.3553753,33.9465303,-117.3971061,1988518,0.593477378595328,-2.04823769389863,0.592478723363018,-2.04896603375812,7435.60254068397,"Coffee/Tea Shop","3311 Market Street, Riverside, CA 92501, United States",33.98729,-117.372788,"Starbucks",0.593190114330144,-2.04854160284529,0.00028726426518455,0.000303908946662101,3.65018073133504e-08,0.000382108925608799,2434.41596505366,216.102585610653,2018-09-28,2018-10-03,-101.97928886095,41.9181255283964,FALSE,FALSE
"53",53,53,1988528,"Unknown",92684,"2018-09-19","2018-10-03",14,"715 W Highland Ave, San Bernardino, CA 92405",NA,NA,NA,"George's Burgers","2 French Toast(5.89 each)","Cash",12.72,34.00379755,-117.3552974,34.1356318,-117.299046,1988528,0.593478225429081,-2.04823633428714,0.595779167158478,-2.04725456214828,15548.0071169844,"Restaurant","1320 E Washington St, Colton, CA 92324, United States",34.0481186,-117.3042149,"George's Burgers",0.594251773679522,-2.04734477647199,-0.00077354825044107,-0.000891557815149824,2.86090797795359e-07,0.00106974917635493,6815.37200255724,23.10598743145,2018-09-19,2018-10-03,-100.730627100977,123.836614532427,FALSE,FALSE
"54",54,54,1988536,"Unknown",92684,NA,"2018-10-03",NA,"Unknown",NA,NA,NA,NA,"2 Taco, Dbl Chz, Coke Float","Unknown",NA,34.00379533,-117.3553011,NA,NA,1988536,0.593478186682772,-2.04823639886432,NA,NA,NA,"Unknown",NA,NA,NA,NA,NA,NA,NA,NA,NA,NA,NA,NA,NA,2018-10-03,NA,NA,FALSE,FALSE
"55",55,55,2087431,"hannah-hapich",99977,NA,"2018-10-25",NA,"Unknown",NA,NA,NA,NA,"Unknown","Unknown",NA,33.9433586,-117.2990461,NA,NA,2087431,0.592423366755133,-2.04725456389361,NA,NA,NA,"Unknown",NA,NA,NA,NA,NA,NA,NA,NA,NA,NA,NA,NA,NA,2018-10-25,NA,NA,FALSE,FALSE
"56",56,56,2104919,"hannah-hapich",99977,NA,"2018-10-28",NA,"Unknown",NA,NA,NA,NA,"Unknown","Unknown",NA,33.9430699,-117.2991855,NA,NA,2104919,0.592418327989582,-2.04725699688259,NA,NA,NA,"Unknown",NA,NA,NA,NA,NA,NA,NA,NA,NA,NA,NA,NA,NA,2018-10-28,NA,NA,FALSE,FALSE
"57",57,57,1913837,"Unknown",92684,"2018-09-15","2018-09-16",1,"3223 Interchange St, Riverside, CA 92501",NA,NA,NA,"Circle K","Circle K Polar Pop drink 42oz(1.78)","Food Stamps",1.78,34.00384865,-117.3552796,34.003421,-117.3524204,1913837,0.593479117292329,-2.04823602361853,0.593471653391783,-2.04818612116456,267.818816096373,"Convenience Store","3223 Interchange St #1463, Riverside, CA 92501, United States",34.0034057,-117.3523962,"Circle K",0.593471386356407,-2.04818569879488,7.73093592165708e-06,-5.03248236518594e-05,4.50068677057403e-10,4.24296442183964e-05,270.319263315403,98.5071078073287,2018-09-15,2018-09-16,-65.2,163.707107807329,FALSE,FALSE
"58",58,58,1913841,"Unknown",92684,NA,"2018-09-16",NA,"Unknown",NA,NA,NA,NA,"Unknown","Unknown",NA,34.0038476,-117.3552807,NA,NA,1913841,0.593479098966372,-2.04823604281716,NA,NA,NA,"Unknown",NA,NA,NA,NA,NA,NA,NA,NA,NA,NA,NA,NA,NA,2018-09-16,NA,NA,FALSE,FALSE
"59",59,59,1913844,"Unknown",92684,NA,"2018-09-16",NA,"Unknown",NA,NA,NA,NA,"Unknown","Unknown",NA,34.00386491,-117.3552477,NA,NA,1913844,0.593479401082865,-2.0482354668585,NA,NA,NA,"Unknown",NA,NA,NA,NA,NA,NA,NA,NA,NA,NA,NA,NA,NA,2018-09-16,NA,NA,FALSE,FALSE
"60",60,60,1913855,"Unknown",92684,"2018-09-06","2018-09-16",10,"3223 Interchange St, Riverside, CA 92501",NA,NA,NA,"Circle K","BUD 12oz 12 pack(10.99)","Card",12.61,34.00389104,-117.3551899,34.003421,-117.3524204,1913855,0.593479857137399,-2.04823445805819,0.593471653391783,-2.04818612116456,260.589992667505,"Convenience Store","3223 Interchange St #1463, Riverside, CA 92501, United States",34.0034057,-117.3523962,"Circle K",0.593471386356407,-2.04818569879488,8.47078099153187e-06,-4.87592633127143e-05,4.26413454063766e-10,4.12995619407459e-05,263.119509124492,99.6329684667719,2018-09-06,2018-09-16,-75.7670777305073,175.400046197279,FALSE,FALSE
"61",61,61,1913857,"Unknown",92684,NA,"2018-09-16",NA,"Unknown",NA,NA,NA,"Popeyes","Unknown","Unknown",NA,34.00388611,-117.3551683,NA,NA,1913857,0.593479771092667,-2.04823408106708,NA,NA,NA,"Restaurant","12844 Day St, Riverside, CA 92507, United States",33.9341058,-117.2783328,"Popeyes Louisiana Kitchen",0.592261874930104,-2.04689304860966,0.0012178961625624,-0.0013410324574159,6.80049099517779e-07,0.00164930197801789,10507.702901952,NA,NA,2018-09-16,NA,NA,FALSE,FALSE
"62",62,62,1913893,"Unknown",92684,NA,"2018-09-16",NA,"Unknown",NA,NA,NA,"Food 4 Less","Unknown","Unknown",NA,34.00402359,-117.3549307,NA,NA,1913893,0.593482170571322,-2.04822993416477,NA,NA,NA,"Supermarket","3900 Chicago Ave, Riverside, CA 92507, United States",33.9738452,-117.3469305,"Food 4 Less",0.592955458302871,-2.04809030433396,0.000526712268450913,-0.000139629830818055,7.2707324622693e-08,0.000539285921881191,3435.79060830507,NA,NA,2018-09-16,NA,NA,FALSE,FALSE
"63",63,63,1913897,"Unknown",92684,NA,"2018-09-16",NA,"Unknown",NA,NA,NA,"Winco Foods","Unknown","Unknown",NA,34.00403385,-117.354892,NA,NA,1913897,0.593482349642104,-2.04822925872235,NA,NA,NA,"Supermarket","12880 Day St, Moreno Valley, CA 92553, United States",33.9336967,-117.2749023,"WinCo Foods",0.592254734788134,-2.04683317508967,0.00122761485396916,-0.00139608363268273,7.11901756264793e-07,0.00168748561499002,10750.9708531014,NA,NA,2018-09-16,NA,NA,FALSE,FALSE
"64",64,64,1958845,"Unknown",92684,NA,"2018-09-25",NA,"Unknown",NA,NA,NA,NA,"Unknown","Unknown",NA,34.00406831,-117.3545747,NA,NA,1958845,0.593482951082564,-2.04822372079264,NA,NA,NA,"Unknown",NA,NA,NA,NA,NA,NA,NA,NA,NA,NA,NA,NA,NA,2018-09-25,NA,NA,FALSE,FALSE
"65",65,65,1995051,"Unknown",92684,NA,"2018-10-06",NA,"Unknown",NA,NA,NA,NA,"Unknown","Unknown",NA,34.00371901,-117.3554254,NA,NA,1995051,0.593476854647487,-2.04823856830858,NA,NA,NA,"Unknown",NA,NA,NA,NA,NA,NA,NA,NA,NA,NA,NA,NA,NA,2018-10-06,NA,NA,FALSE,FALSE
"66",66,66,2004419,"Unknown",92684,NA,"2018-10-08",NA,"Unknown",NA,NA,NA,"In-n-Out Burger","Burger, GR, Fry, XL Drink","Unknown",NA,34.00372587,-117.3554292,NA,NA,2004419,0.593476974377073,-2.0482386346311,NA,NA,NA,"Restaurant","7467 Indiana Ave, Riverside, CA 92504, United States",33.9357986,-117.4038849,"In-N-Out Burger",0.592291419863682,-2.04908434613745,0.0011855545133912,0.00084571150635826,4.74366872215854e-07,0.00137748603945572,8775.96355737238,NA,NA,2018-10-08,NA,NA,FALSE,FALSE
"67",67,67,2004436,"Unknown",92684,"2018-07-10","2018-10-08",90,"Unknown",NA,NA,NA,"Wells Fargo","Cash(100.00)","Unknown",100,34.00380019,-117.3553531,NA,NA,2004436,0.593478271505773,-2.04823730643553,NA,NA,NA,"Bank","3750 University Ave, Riverside, CA 92501, United States",33.9818758,-117.3751389,"Wells Fargo Bank",0.593095618713782,-2.04858263379068,0.000382652791991345,0.000345327355141034,5.70996414431912e-08,0.000477910629846129,3044.76862274969,NA,2018-07-10,2018-10-08,-109.639601972787,NA,FALSE,FALSE
"68",68,68,2021508,"Unknown",92684,NA,"2018-10-11",NA,"Unknown",NA,NA,NA,NA,"Unknown","Unknown",NA,34.00364828,-117.3555273,NA,NA,2021508,0.593475620176107,-2.04824034679909,NA,NA,NA,"Unknown",NA,NA,NA,NA,NA,NA,NA,NA,NA,NA,NA,NA,NA,2018-10-11,NA,NA,FALSE,FALSE
"69",69,69,2021550,"Unknown",92684,NA,"2018-10-11",NA,"Unknown",NA,NA,NA,NA,"Unknown","Card",NA,34.00387924,-117.3551625,NA,NA,2021550,0.593479651188547,-2.04823397983798,NA,NA,NA,"Unknown",NA,NA,NA,NA,NA,NA,NA,NA,NA,NA,NA,NA,NA,2018-10-11,NA,NA,FALSE,FALSE
"70",70,70,2021552,"Unknown",92684,"2018-09-29","2018-10-11",12,"778 E Arrow Hwy, Pomona, CA 91767",NA,NA,NA,"Walmart","Cash(100.00), (1.68)","Card",101.73,34.00389178,-117.3551361,34.0886074,-117.737487,2021552,0.593479870052835,-2.04823351907106,0.594958436549704,-2.05490680117402,36465.4118624127,"Hypermarket","6250 Valley Springs Pkwy, Riverside, CA 92507, United States",33.9384322,-117.2861652,"Walmart Supercenter",0.592337384854863,-2.04702974977799,0.00114248519797266,-0.00120376929306376,5.75472963001493e-07,0.00151719883125612,9666.07375393277,282.493610218147,2018-09-29,2018-10-11,-97.1631784630619,19.6567886812084,FALSE,FALSE
"71",71,71,2021595,"Unknown",92684,"2018-10-10","2018-10-11",1,"1189 W La Cadena Dr, Riverside, CA 92501",NA,NA,NA,"Del Taco","Carne Asada Fry(5.19), Lemonade(1.00)","Card",6.73,34.00407555,-117.3548058,34.0017605,-117.3523143,2021595,0.593483077444402,-2.04822775424854,0.593442672199553,-2.04818426937022,344.984804415284,"Restaurant","1189 W La Cadena Dr, Riverside, CA 92501, United States",34.0020309,-117.3523729,"Del Taco",0.593447391569851,-2.04818529213317,3.56858745509392e-05,-4.24621153714e-05,6.28155467768429e-10,5.01260598052532e-05,319.353127019268,132.899129980279,2018-10-10,2018-10-11,-123.8,103.300870019721,FALSE,FALSE
"72",72,72,4599053,"jacquelines",150567,"2019-11-09","2019-11-12",3,"2053 E Washington St, Colton, CA 92324",NA,NA,NA,"Stater Bros","Mickeys Cans (2.19)","Cash",2.47,34.0544894,-117.2976338,34.0500112,-117.2913264,4599053,0.594362965115508,-2.04722991460859,0.594284805780945,-2.04711982971135,765.258755852649,"Supermarket","2053 E Washington St, Colton, CA 92324, United States",34.0500112,-117.2913264,"Stater Bros. Markets",0.594284805780945,-2.04711982971135,7.81593345627885e-05,-0.000110084897240181,3.60696071877699e-09,0.000120115956027727,765.258755852649,125.375880217421,2019-11-09,2019-11-12,-19.4727674734642,144.848647690885,FALSE,FALSE
"73",73,73,4598938,"hnogi001",151045,NA,"2019-11-12",NA,"Unknown",NA,NA,NA,NA,"Unknown","Unknown",NA,33.97958395,-117.332641,NA,NA,4598938,0.59305561838532,-2.04784090551049,NA,NA,NA,"Unknown",NA,NA,NA,NA,NA,NA,NA,NA,NA,NA,NA,NA,NA,2019-11-12,NA,NA,FALSE,FALSE
"74",74,74,4590190,"hnogi001",151045,"2019-11-09","2019-11-10",1,"1299 University Avenue, Suite 105, Riverside, CA 92507",NA,NA,NA,"Chase","Unknown","Unknown",NA,33.97953536,-117.3331613,33.9761835,-117.3394259,4590190,0.593054770329837,-2.04784998645859,0.592996269336771,-2.04795932435491,687.45438268625,"Bank","1299 University Ave STE 105, Riverside, CA 92507, United States",33.9764072,-117.339596,"Chase Bank",0.593000173638307,-2.04796229315997,5.45966915291851e-05,0.000112306701378184,2.9135274733513e-09,0.000107954202811764,687.776226113746,241.849816659856,2019-11-09,2019-11-10,18.2,136.350183340144,FALSE,FALSE
"75",75,75,4590157,"jacquelines",150567,"2019-11-09","2019-11-10",1,"1080 S Mt Vernon Ave, Colton, CA 92324",NA,NA,NA,"99 Cents Only","Unknown","Unknown",NA,34.05460046,-117.2970895,34.0514468,-117.3067374,4590157,0.594364903478175,-2.04722041478147,0.594309861727687,-2.04738880240237,955.508171467367,"Dollar Store","1080 S Mt Vernon Ave, Colton, CA 92324, United States",34.0514468,-117.3067374,"99 Cents Only Stores",0.594309861727687,-2.04738880240237,5.50417504884271e-05,0.000168387620903321,5.62333049477792e-09,0.000149977738418987,955.508171467367,251.897801693862,2019-11-09,2019-11-10,18.2,126.302198306138,FALSE,FALSE
"76",76,76,4590130,"jacquelines",150567,"2019-11-07","2019-11-10",3,"1320 W Baseline Rd, Rialto, CA 92376",NA,NA,NA,"Popeyes","Sandwich(3.99), Sandwich combo(6.99)","Cash",11.83,34.05460046,-117.2970895,34.1217269,-117.397611,4590130,0.594364903478175,-2.04722041478147,0.595536480871318,-2.04897484592551,11891.3275865317,"Restaurant","198 E Redlands Blvd, San Bernardino, CA 92408, United States",34.0634031,-117.2822769,"Popeyes Louisiana Kitchen",0.594518538529043,-2.04696188614069,-0.000153635050867851,-0.000258528640781019,1.7369304151271e-08,0.000263585312578946,1679.30202644047,303.735718360271,2019-11-07,2019-11-10,-5.13553262482992,51.1287490148987,FALSE,FALSE
"77",77,77,4590112,"jacquelines",150567,"2019-11-07","2019-11-10",3,"228 W Hospitality Ln, San Bernardino, CA 92408",NA,NA,NA,"Subway","12"" Sub(6.49), 30oz drink/chips/cookie(3.19), 6"" Sub/40oz drink/chips(8.29), Cookie(0.00)","Card",18.69,34.05467767,-117.2978545,34.0665008,-117.2879102,4590112,0.594366251046891,-2.04723376655025,0.594572603593282,-2.04706020577344,1602.35017688695,"Restaurant","2097 E Washington St Suite 1D, Colton, CA 92324, United States",34.0498124,-117.2910196,"Subway",0.594281336066392,-2.0471144750412,8.49149804984517e-05,-0.000119291509044217,4.24479080028489e-09,0.000130304118220277,830.167537181384,40.0652890423723,2019-11-07,2019-11-10,-5.13553262482992,45.2008216672022,FALSE,FALSE
"78",78,78,4590111,"jacquelines",150567,"2019-10-02","2019-11-10",39,"1310 E Washington St, Colton, CA 92324",NA,NA,NA,"Baker's Drive Thru","2 Burger/L Fry/L Drink(8.68 each)","Cash",18.71,34.05460046,-117.2970895,34.0479237,-117.3045563,4590111,0.594364903478175,-2.04722041478147,0.59424837203281,-2.04735073502606,1012.13131128013,"Restaurant","The Courtyard Shopping Center, 1310 E Washington St, Colton, CA 92324, United States",34.0478272,-117.3045217,"Baker's Drive-Thru",0.594246687790082,-2.04735013114214,0.000118215688093448,0.00012971636066661,6.38144843203816e-09,0.000159767937279198,1017.88152840577,228.195610853308,2019-10-02,2019-11-10,19.736044365208,151.5404335119,FALSE,FALSE
"79",79,79,4589995,"nana300",151903,"2019-11-08","2019-11-10",2,"699 W 2nd St, San Bernardino, CA 92410",NA,NA,NA,"McDonalds","2 Mcmuffin, Hash Brown, Orange Juice, Frappe","Cash",NA,33.9767027,-117.353177,34.1024718,-117.2982654,4589995,0.593005331086247,-2.04819932632568,0.595200415978517,-2.04724093810814,14872.0239407946,"Restaurant","2242 University Ave, Riverside, CA 92507, United States",33.975335,-117.35923,"McDonald's",0.592981460218068,-2.0483049711053,2.38708681794542e-05,0.000105644779623493,2.06125420667215e-09,9.08020750443163e-05,578.500020107339,23.5852574560394,2019-11-08,2019-11-10,18.2,5.38525745603936,FALSE,FALSE
"80",80,80,4584695,"hnogi001",151045,NA,"2019-11-09",NA,"Unknown",NA,NA,NA,"Burger King","Unknown","Unknown",NA,33.97939001,-117.3332371,NA,NA,4584695,0.593052233493769,-2.04785130941816,NA,NA,NA,"Restaurant","2167 University Ave, Riverside, CA 92507, United States",33.9759297,-117.3581377,"Burger King",0.592991839691129,-2.04828590687389,6.03938026395578e-05,0.000434597455722052,3.3382513695369e-08,0.000365417646354596,2328.07582492513,NA,NA,2019-11-09,NA,NA,FALSE,FALSE
"81",81,81,4584076,"jacquelines",150567,"2019-10-22","2019-11-09",18,"1099 E Hospitality Ln, San Bernardino, CA 92408",NA,NA,NA,"Costco","CLS Coke 35 854330(10.79), Strawberries(3.99), 2 Arrowhead water 16.9 fl oz 40-count(4.89 each), 2 Watermelon(5.59 each), Romaine(2.89 each), 2 Bananas(1.19 each), Var. Muffin(7.99), Adidas girls shoes(23.99), Cinnamon toast crunch(6.69), Butter croissant(4.99), Whole milk(5.30), KS O.J. 1114743(7.99), Naked smoothie pack 10 fl oz 12-count(13.09)","Card",124.01,34.05468716,-117.297221,34.0682333,-117.2628352,4584076,0.594366416678637,-2.04722270988944,0.594602841422573,-2.0466225644635,3507.45059393693,"Warehouse Club","1099 E Hospitality Ln, San Bernardino, CA 92408, United States",34.068204,-117.2627892,"Costco Wholesale",0.594602330041102,-2.04662176161205,-0.000235913362465201,-0.000600948277388103,7.5876940617298e-08,0.000550915392910387,3509.88196823207,68.497195195649,2019-10-22,2019-11-09,44.1461755932397,24.3510196024093,FALSE,FALSE
"82",82,82,4584056,"jacquelines",150567,NA,"2019-11-08",NA,"205 E Redlands Blvd, San Bernardino, CA 92408",NA,NA,NA,"Burger King","Cheesy tots(1.00), M Coke(2.79), CMSM Whopper x Whopper/S Fry/S Coke(8.19)","Cash",12.94,34.05468716,-117.297221,34.0627537,-117.2818788,4584056,0.594366416678637,-2.04722270988944,0.594507204360881,-2.04695493798494,1673.93569899212,"Restaurant","205 E Redlands Blvd, San Bernardino, CA 92408, United States",34.0627446,-117.2819006,"Burger King",0.594507045535919,-2.04695531846671,-0.000140628857281611,-0.000267391422722252,1.72123604223826e-08,0.000262391772135772,1671.697980277,62.2644721504363,NA,2019-11-08,NA,NA,FALSE,FALSE
"83",83,83,4578647,"nana300",151903,NA,"2019-11-08",NA,"Unknown",NA,NA,NA,"Chase","Unknown","Unknown",NA,33.9767052,-117.3536063,NA,NA,4578647,0.593005374719478,-2.04820681902416,NA,NA,NA,"Bank","1299 University Ave STE 105, Riverside, CA 92507, United States",33.9764072,-117.339596,"Chase Bank",0.593000173638307,-2.04796229315997,5.20108117096907e-06,-0.000244525864192102,1.02863968608344e-08,0.000202843751652392,1292.31754177739,NA,NA,2019-11-08,NA,NA,FALSE,FALSE
"84",84,84,4578504,"hnogi001",151045,NA,"2019-11-07",NA,"Unknown",NA,NA,NA,"Wendys","Unknown","Unknown",NA,33.979388,-117.3338666,NA,NA,4578504,0.593052198412651,-2.0478622962658,NA,NA,NA,"Restaurant","12410 Day St, Moreno Valley, CA 92553, United States",33.940554,-117.2783393,"Wendy's",0.592374417250931,-2.04689316205606,0.000677781161719571,-0.000969134209742872,2.7638128004642e-07,0.00105143959504791,6698.72166005023,NA,NA,2019-11-07,NA,NA,FALSE,FALSE
"85",85,85,4578488,"hnogi001",151045,NA,"2019-11-07",NA,"Unknown",NA,NA,NA,NA,"Unknown","Card",21.76,33.979388,-117.3338666,NA,NA,4578488,0.593052198412651,-2.0478622962658,NA,NA,NA,"Unknown",NA,NA,NA,NA,NA,NA,NA,NA,NA,NA,NA,NA,NA,2019-11-07,NA,NA,FALSE,FALSE
"86",86,86,4578487,"hnogi001",151045,"2019-11-03","2019-11-07",4,"4281 Maine Ave, Baldwin Park, CA 91706",NA,NA,NA,"La Michoacana Premium","Elote(6.49), 2 S Ice Cream(5.49 each), Esquimal(3.79)","Card",21.76,33.979388,-117.3338666,34.0902054,-117.9617397,4578487,0.593052198412651,-2.0478622962658,0.594986326911151,-2.05882074914551,59154.1641909647,"Restaurant","3961 Chicago Ave, Riverside, CA 92507, United States",33.9744003,-117.3493644,"La Michoacana",0.592965146625549,-2.04813278390262,8.70517871017773e-05,0.000270487636815364,1.4472730582347e-08,0.000240605325395486,1532.89652809464,280.01000304568,2019-11-03,2019-11-07,-1.28967352279361,78.7003234315263,FALSE,FALSE
"87",87,87,4578378,"hnogi001",151045,NA,"2019-11-07",NA,"5225 Canyon Crest Dr, Riverside, CA 92507",NA,NA,NA,"Ralphs","Redds Apple ale 6 pack bottles(8.99), ","Card",10.1,33.97924998,-117.3335288,33.9564166,-117.3312868,4578378,0.593049789509217,-2.04785640054359,0.592651271848858,-2.04781727026176,2547.36057264665,"Supermarket","5225 Canyon Crest Dr, Riverside, CA 92507, United States",33.9559152,-117.3320857,"Ralphs",0.592642520767989,-2.04783121369716,0.000407268741228539,-2.51868464355987e-05,4.1576041884927e-08,0.000407804082672629,2598.11981070732,174.392425630124,NA,2019-11-07,NA,NA,FALSE,FALSE
"88",88,88,4578371,"hnogi001",151045,NA,"2019-11-07",NA,"Unknown",NA,NA,NA,"Taco Bell","Unknown","Unknown",NA,33.97924998,-117.3335288,NA,NA,4578371,0.593049789509217,-2.04785640054359,NA,NA,NA,"Restaurant","1420 University Ave, Riverside, CA 92507, United States",33.975295,-117.3425538,"Taco Bell",0.592980762086367,-2.04801391650858,6.90274228505317e-05,0.000157515964992694,5.45669570569468e-09,0.000147738900978989,941.244538137136,NA,NA,2019-11-07,NA,NA,FALSE,FALSE
"89",89,89,4578360,"hnogi001",151045,"2019-11-02","2019-11-07",5,"1766 University Ave STE 106, Riverside, CA 92507",NA,NA,NA,"Little Caesars","Classic pepperoni(5.00), Crazy sauce","Unknown",NA,33.97924998,-117.3335288,33.976021,-117.3501086,4578360,0.593049789509217,-2.04785640054359,0.592993433176736,-2.04814577264291,1570.4031785226,"Restaurant","1766 University Ave UNIT 106, Riverside, CA 92507, United States",33.9751491,-117.3492039,"Little Caesars Pizza",0.592978215650988,-2.04812998264917,7.15738582290903e-05,0.000273582105579262,1.4148283516448e-08,0.000237893115353704,1515.61703791845,258.978803580097,2019-11-02,2019-11-07,-1.28967352279361,99.731522897109,FALSE,FALSE
"90",90,90,4574822,"jacquelines",150567,"2019-11-03","2019-11-06",3,"4050 University Ave, Riverside, CA 92501",NA,NA,NA,"Maxi Foods","Unknown","Food Stamps",10.85,34.05450637,-117.2965785,33.9830363,-117.3788153,4574822,0.594363261297882,-2.04721149614899,0.593115873259752,-2.0486467990753,10981.9118474044,"Supermarket","4050 University Ave, Riverside, CA 92501, United States",33.983276,-117.378987,"Maxi Foods Market",0.593120056813968,-2.04864979580562,0.00124320448391391,0.00143829965662956,7.41688008550579e-07,0.00172242641865211,10973.5787132326,229.005346169439,2019-11-03,2019-11-06,11.537105593915,142.531759424476,FALSE,FALSE
"91",91,91,4538268,"hnogi001",151045,NA,"2019-11-02",NA,"Unknown",NA,NA,NA,"Papyrus","Unknown","Unknown",NA,33.97938189,-117.3334945,NA,NA,4538268,0.593052091773034,-2.04785580189566,NA,NA,NA,"Specialty Store","3333 Bristol St, Costa Mesa, CA 92626, United States",33.6901096,-117.8878997,"Papyrus",0.58800333787775,-2.05753199802584,0.00504875389528381,0.00967619613017767,2.2522553616814e-05,0.00949162213898529,60471.1246474753,NA,NA,2019-11-02,NA,NA,FALSE,FALSE
"92",92,92,4535753,"jacquelines",150567,"2019-10-29","2019-11-01",3,"2050 W Redlands Blvd, Redlands, CA 92373",NA,NA,NA,"Walmart","2 Blue stick 489415211601(0.98), 22 IN PK 489415211753(0.98), 22 IN BL 489415211754(0.98), Halloween vampire makeup kit 008268633545(1.98), ASST SUG 4 10CT 007920044500(19.54), Mars Chocolate halloween candy mini variety mix 67.2 oz 240 Ct 004000049618(14.74)","Card",40.64,34.05464769,-117.2958127,34.0652221,-117.2227371,4535753,0.594365727797181,-2.04719813041758,0.594550286068137,-2.04592272059471,6833.61889697435,"Hypermarket","1120 S Mt Vernon Ave, Colton, CA 92324, United States",34.0500946,-117.3065338,"Walmart Supercenter",0.594286261385542,-2.04738524891202,7.94664116396948e-05,0.000187118494435534,7.58750095225029e-09,0.000174212525054203,1109.90799712033,81.7657198675823,2019-10-29,2019-11-01,89.016485646982,7.25076577939966,FALSE,FALSE
"93",93,93,4535747,"jacquelines",150567,"2019-10-28","2019-11-01",4,"922 New York St Suite B, Redlands, CA 92374",NA,NA,NA,"John Sells Stuff Liquidation Outlet","Custom amount(18.00)","Cash",19.4,34.05464769,-117.2958127,34.0645461,-117.1948045,4535747,0.594365727797181,-2.04719813041758,0.594538487642394,-2.04543520475607,9369.7503138693,"Discount Store","922 New York St b, Redlands, CA 92374, United States",34.0644874,-117.1949005,"John Sells Stuff Liquidation Outlet",0.594537463134123,-2.04543688027215,-0.000171735336941259,-0.00176125014543116,5.39629321790779e-07,0.0014691894620605,9360.20606278747,84.4027988355497,2019-10-28,2019-11-01,83.4599635133838,0.942835322165905,FALSE,FALSE
"94",94,94,4535736,"jacquelines",150567,"2019-10-30","2019-11-01",2,"1191 S Mt Vernon Ave, Colton, CA 92324",NA,NA,NA,"Jack in the Box","3 [2]Tacos(3.87), Sandwich combo/S Fry/S Drink(3.99), Ult ??/L Fry/L Drink(8.28)","Card",17.39,34.05434939,-117.295309,34.0487084,-117.3095154,4535736,0.594360521480022,-2.04718933919414,0.594262067631451,-2.04743728764899,1451.36090987954,"Restaurant","1191 S Mt Vernon Ave, Colton, CA 92324, United States",34.0487192,-117.3095199,"Jack in the Box",0.59426225612701,-2.04743736618881,9.82653530128275e-05,0.000248026994671413,1.29714658126062e-08,0.000227784686655556,1451.21623868255,248.342211094173,2019-10-30,2019-11-01,89.016485646982,159.325725447191,FALSE,FALSE
"95",95,95,4535699,"jacquelines",150567,"2019-10-25","2019-11-01",7,"1120 S Mt Vernon Ave, Colton, CA 92324",NA,NA,NA,"Walmart","Great Value Half & Half 32 fl oz 060538818716(1.98), Great Value Half & Half 64 fl oz 007874212296(3.98), 10 Lb Ice 000000003207KF(1.96), Great Value double zipper freezer bags gallon 30 count 007874209539(2.68), Hershey's milk chocolate syrup 24 oz 003400000312(2.28), Equate severe daytime cold & flu maximum 12 oz 068113112132(5.97), Great Value premium clear spoons 100 count 007874203692(2.98), KB ? 000980055400(1.48), GRDN ? SAU 084223400338(3.98)","Card",28.34,34.05453491,-117.2960798,34.0497163,-117.3065578,4535699,0.594363759414851,-2.04720279219201,0.594279658804981,-2.04738566779104,1104.05053839104,"Hypermarket","1120 S Mt Vernon Ave, Colton, CA 92324, United States",34.0500946,-117.3065338,"Walmart Supercenter",0.594286261385542,-2.04738524891202,7.74980293092309e-05,0.000182456720003277,7.21459757511651e-09,0.00016987757465265,1082.29002811203,245.302132634629,2019-10-25,2019-11-01,83.4599635133838,161.842169121246,FALSE,FALSE
"96",96,96,4531925,"valance430",150533,NA,"2019-11-01",NA,"Unknown",NA,NA,NA,NA,"Unknown","Unknown",NA,33.937693,-117.406502,NA,NA,4531925,0.592324483381032,-2.04913002314931,NA,NA,NA,"Unknown",NA,NA,NA,NA,NA,NA,NA,NA,NA,NA,NA,NA,NA,2019-11-01,NA,NA,FALSE,FALSE
"97",97,97,4524071,"mamabrit",151032,NA,"2019-10-30",NA,"Unknown",NA,NA,NA,NA,"Unknown","Unknown",NA,33.97558091,-117.3311276,NA,NA,4524071,0.592985752157231,-2.04781449169759,NA,NA,NA,"Unknown",NA,NA,NA,NA,NA,NA,NA,NA,NA,NA,NA,NA,NA,2019-10-30,NA,NA,FALSE,FALSE
"98",98,98,4523998,"valance430",150533,"2019-10-19","2019-10-30",11,"2920 Zoo Dr, San Diego, CA 92101",NA,NA,NA,"San Diego Zoo","1 Day Pass Gate A(47.60)","Cash",47.6,33.937776,-117.4060487,32.735614,-117.14908,4523998,0.592325932004311,-2.04912211157181,0.571344246961951,-2.04463716168224,135788.975988178,"Zoo","2920 Zoo Dr, San Diego, CA 92101, United States",32.735316,-117.149046,"San Diego Zoo",0.57133904588078,-2.04463656827029,0.0209868861235311,-0.00448554330151518,0.000113618644896346,0.021318813121054,135822.158394235,167.934874245389,2019-10-19,2019-10-30,69.4052484073835,98.529625838005,FALSE,FALSE
"99",99,99,4447596,"hannah-hapich",99977,NA,"2019-10-18",NA,"Unknown",NA,NA,NA,NA,"Unknown","Unknown",NA,33.97605219,-117.3307528,NA,NA,4447596,0.59299397754493,-2.04780795020356,NA,NA,NA,"Unknown",NA,NA,NA,NA,NA,NA,NA,NA,NA,NA,NA,NA,NA,2019-10-18,NA,NA,FALSE,FALSE
"100",100,100,4447507,"valance430",150533,"2019-10-12","2019-10-18",6,"2242 University Ave, Riverside, CA 92507",NA,NA,NA,"McDonalds","Mcnuggets(4.39), Fries(3.19)","Card",8.24,33.9762894,-117.3298889,33.9753274,-117.3592003,4447507,0.592998117640449,-2.04779287230415,0.592981327573044,-2.04830445274252,2704.94993442736,"Restaurant","2246 Iowa Ave, Riverside, CA 92507, United States",33.9905642,-117.3393112,"McDonald's",0.593247259900512,-2.04795732246226,-0.000249142260063673,0.000164450158110618,2.01666118707091e-08,0.000284018393814719,1809.48118699357,268.120129584932,2019-10-12,2019-10-18,-27.2302468668851,64.6496235481831,FALSE,FALSE
"101",101,101,4564447,"nana300",151903,NA,"2019-11-06",NA,"Unknown",NA,NA,NA,NA,"Unknown","Unknown",NA,33.9767139,-117.3536765,NA,NA,4564447,0.593005526563123,-2.0482080442453,NA,NA,NA,"Unknown",NA,NA,NA,NA,NA,NA,NA,NA,NA,NA,NA,NA,NA,2019-11-06,NA,NA,FALSE,FALSE
"102",102,102,4590051,"nana300",151903,NA,"2019-11-10",NA,"Unknown",NA,NA,NA,NA,"Unknown","Unknown",NA,33.97679,-117.353168,NA,NA,4590051,0.593006854758684,-2.04819916924605,NA,NA,NA,"Unknown",NA,NA,NA,NA,NA,NA,NA,NA,NA,NA,NA,NA,NA,2019-11-10,NA,NA,FALSE,FALSE
"103",103,103,2210605,"mchou009",101103,NA,"2018-12-01",NA,"Unknown","1201 University Ave #107, Riverside, CA 92507",33.976349,-117.337541,"Pho Vinam","Unknown","Card",NA,33.97700742,-117.3329542,33.976349,-117.337541,2210605,0.593010649453544,-2.04784637188171,0.592999157856683,-2.04792642664384,429.2390202119,"Restaurant","1201 University Ave #107, Riverside, CA 92507, United States",33.9763505,-117.3375409,"Pho Vinam Restaurant",0.592999184036622,-2.04792642489851,1.14654169222073e-05,8.00530168012514e-05,1.13461177438473e-09,6.73679975897708e-05,429.20151264443,261.830751670832,NA,2018-12-01,NA,NA,FALSE,FALSE
"104",104,104,2202945,"andhika-hammond",100639,"2018-11-23","2018-11-29",6,"23035 Hemlock Ave, Moreno Valley, CA 92557",NA,NA,NA,"In-n-Out Burger","Dbl-Dbl Burger(3.85), 4x4 Burger(6.15), Fry(1.85), Animal Fry(3.85), L Drink(1.80), M Drink(1.60)","Cash",20.58,33.93893907,-117.2848082,33.9421134,-117.2601393,2202945,0.592346231405242,-2.04700606566004,0.592401633915287,-2.0465755121322,2302.89878191737,"Restaurant","23035 Hemlock Ave, Moreno Valley, CA 92557, United States",33.942112,-117.26014,"In-N-Out Burger",0.592401609480678,-2.0465755243495,-5.53780754352085e-05,-0.000430541310540544,3.26618992349987e-08,0.000361452069246248,2302.81113316784,82.6672303767519,2018-11-23,2018-11-29,52.5365598686833,30.1306705080686,FALSE,FALSE
"105",105,105,2202920,"andhika-hammond",100639,"2018-11-16","2018-11-29",13,"12428 Heacock St, Moreno Valley, CA 92553",NA,NA,NA,"Arco","Prepay CA #01(25.00)","Card",25.35,33.93873515,-117.2843732,33.9404135,-117.2435872,2202920,0.592342672329832,-2.0469984734778,0.592371965063332,-2.04628662348908,3767.14608940808,"Gas Station","6287 Day St, Riverside, CA 92507, United States",33.938201,-117.279402,"ARCO",0.592333349653632,-2.04691170967002,9.32267619957461e-06,-8.67638077748367e-05,1.31709886626287e-09,7.25837135131875e-05,462.430838792518,87.6434700852292,2018-11-16,2018-11-29,29.6799973985848,57.9634726866444,FALSE,FALSE
"106",106,106,2202890,"andhika-hammond",100639,NA,"2018-11-26",NA,"Unknown",NA,NA,NA,"Walmart","Unknown","Unknown",NA,33.93868451,-117.2843743,NA,NA,2202890,0.592341788495098,-2.04699849267642,NA,NA,NA,"Hypermarket","6250 Valley Springs Pkwy, Riverside, CA 92507, United States",33.9384322,-117.2861652,"Walmart Supercenter",0.592337384854863,-2.04702974977799,4.40364023579498e-06,3.12571015741447e-05,1.72965689118405e-10,2.63032841393144e-05,167.578223251572,NA,NA,2018-11-26,NA,NA,FALSE,FALSE
"107",107,107,2202887,"andhika-hammond",100639,"2018-11-24","2018-11-26",2,"6250 Valley Springs Pkwy, Riverside, CA 92507",NA,NA,NA,"Walmart","Silver Christmas Tree 32 in 001206770041(16.00)","Card",17.4,33.93873714,-117.2843659,33.9384322,-117.2861652,2202887,0.592342707061884,-2.04699834606876,0.592337384854863,-2.04702974977799,169.415810253658,"Hypermarket","6250 Valley Springs Pkwy, Riverside, CA 92507, United States",33.9384322,-117.2861652,"Walmart Supercenter",0.592337384854863,-2.04702974977799,5.32220702109676e-06,3.14037092312702e-05,1.76779814104614e-10,2.65917140564523e-05,169.415810253658,260.380575866987,2018-11-24,2018-11-26,101.1,159.280575866987,FALSE,FALSE
"108",108,108,2202875,"andhika-hammond",100639,NA,"2018-11-26",NA,"Unknown",NA,NA,NA,"Walmart","Unknown","Unknown",NA,33.93870104,-117.2843516,NA,NA,2202875,0.592342076998024,-2.04699809648668,NA,NA,NA,"Hypermarket","6250 Valley Springs Pkwy, Riverside, CA 92507, United States",33.9384322,-117.2861652,"Walmart Supercenter",0.592337384854863,-2.04702974977799,4.69214316112243e-06,3.16532913142709e-05,1.7791055296219e-10,2.66766229476477e-05,169.956764799463,NA,NA,2018-11-26,NA,NA,FALSE,FALSE
"109",109,109,2172754,"andhika-hammond",100639,NA,"2018-11-17",NA,"Unknown","4033 Chicago Ave #B, Riverside, CA 92507",33.973234,-117.349245,"Dollar Tree","Ribbon(1.00)","Cash",1.09,33.93903679,-117.2845071,33.973234,-117.349245,2172754,0.592347936940987,-2.04700081047367,0.592944790850483,-2.04813069997949,7078.94188309144,"Dollar Store","12625 Frederick St D, Moreno Valley, CA 92553, United States",33.9367332,-117.2645187,"Dollar Tree",0.592307731710871,-2.04665194708146,4.02052301160527e-05,-0.000348863392205523,2.13468616649945e-08,0.000292211305851712,1861.67822958126,297.84612049411,NA,2018-11-17,NA,NA,FALSE,FALSE
"110",110,110,2172751,"andhika-hammond",100639,NA,"2018-11-17",NA,"Unknown",NA,NA,NA,NA,"Unknown","Unknown",NA,33.93903403,-117.2844874,NA,NA,2172751,0.5923478887699,-2.0470004666438,NA,NA,NA,"Unknown",NA,NA,NA,NA,NA,NA,NA,NA,NA,NA,NA,NA,NA,2018-11-17,NA,NA,FALSE,FALSE
"111",111,111,2172735,"andhika-hammond",100639,"2018-11-16","2018-11-17",1,"6250 Valley Springs Pkwy, Riverside, CA 92507",NA,NA,NA,"Walmart","SSWHEYCHOC, Pure Protein bar birthday cake 6 count(6.94)","Card",26.47,33.9390525,-117.2844765,33.9384322,-117.2861652,2172735,0.592348211132213,-2.04700027640291,0.592337384854863,-2.04702974977799,170.371016407684,"Hypermarket","6250 Valley Springs Pkwy, Riverside, CA 92507, United States",33.9384322,-117.2861652,"Walmart Supercenter",0.592337384854863,-2.04702974977799,1.08262773501622e-05,2.94733750787479e-05,1.78778886157539e-10,2.67416443898421e-05,170.371016407684,249.829514894936,2018-11-16,2018-11-17,-3.40000000000002,106.770485105064,FALSE,FALSE
"112",112,112,2172723,"salvador",100477,NA,"2018-11-18",NA,"Unknown",NA,NA,NA,NA,"Unknown","Unknown",NA,33.71673022,-116.3738357,NA,NA,2172723,0.588467955345672,-2.03110659613992,NA,NA,NA,"Unknown",NA,NA,NA,NA,NA,NA,NA,NA,NA,NA,NA,NA,NA,2018-11-18,NA,NA,FALSE,FALSE
"113",113,113,2172674,"andhika-hammond",100639,NA,"2018-11-15",NA,"Unknown",NA,NA,NA,NA,"Unknown","Unknown",NA,33.93904227,-117.2844869,NA,NA,2172674,0.59234803258503,-2.04700045791716,NA,NA,NA,"Unknown",NA,NA,NA,NA,NA,NA,NA,NA,NA,NA,NA,NA,NA,2018-11-15,NA,NA,FALSE,FALSE
"114",114,114,2164785,"karih",100620,NA,"2018-11-15",NA,"Unknown",NA,NA,NA,NA,"Unknown","Unknown",NA,33.97946168,-117.3365337,NA,NA,2164785,0.593053484371244,-2.04790884594228,NA,NA,NA,"Unknown",NA,NA,NA,NA,NA,NA,NA,NA,NA,NA,NA,NA,NA,2018-11-15,NA,NA,FALSE,FALSE
"115",115,115,2158522,"andhika-hammond",100639,"2018-11-06","2018-11-08",2,"6250 Valley Springs Pkwy, Riverside, CA 92507",NA,NA,NA,"Walmart","Extra Gum(1.00), Plastic bag(0.10)","Cash",1.1,33.93897808,-117.2843977,33.9384322,-117.2861652,2158522,0.592346912258183,-2.04699890108346,0.592337384854863,-2.04702974977799,173.985651715533,"Hypermarket","6250 Valley Springs Pkwy, Riverside, CA 92507, United States",33.9384322,-117.2861652,"Walmart Supercenter",0.592337384854863,-2.04702974977799,9.52740332083035e-06,3.08486945290731e-05,1.86445397490689e-10,2.73090019958457e-05,173.985651715533,252.836199646591,2018-11-06,2018-11-08,-42.322544102839,64.8412562505703,FALSE,FALSE
"116",116,116,2137409,"andhika-hammond",100639,NA,"2018-11-05",NA,"23145 Hemlock Ave, Moreno Valley, CA 92557",NA,NA,NA,"Arco","BUD LT25C(5.49)","Card",6.59,33.9387757,-117.2845274,33.9418521,-117.2588354,2137409,0.592343380060843,-2.0470011647755,0.592397073369952,-2.04655275478408,2394.6335193615,"Gas Station","6287 Day St, Riverside, CA 92507, United States",33.938201,-117.279402,"ARCO",0.592333349653632,-2.04691170967002,1.00304072112589e-05,-8.94551054817505e-05,1.40213010768163e-09,7.48900556372327e-05,477.12454446481,83.1714608804241,NA,2018-11-05,NA,NA,FALSE,FALSE
"117",117,117,2137255,"juliannamcd",100913,"2018-11-03","2018-11-07",4,"3796 Watkins Dr, Riverside, CA 92507",NA,NA,NA,"University Village Market","Unknown","Card",14.75,33.9757144,-117.3160688,33.9759484,-117.3161575,2137255,0.59298808199725,-2.04755166605619,0.592992166067699,-2.04755321416324,27.2748634231341,"Convenience Store","3796 Watkins Dr, Riverside, CA 92507, United States",33.9759507,-117.3163003,"University Village Market & Liquor",0.592992206210272,-2.04755570649341,-4.12421302242727e-06,4.04043721813352e-06,7.05895854835419e-12,5.31374013228754e-06,33.8538383828039,339.241311541561,2018-11-03,2018-11-07,-40.6693949004178,19.910706441979,FALSE,FALSE
"118",118,118,2137237,"juliannamcd",100913,NA,"2018-11-07",NA,"6250 Valley Springs Pkwy, Riverside, CA 92507",NA,NA,NA,"Walmart","CAF MON 007084702788(2.50), Pineapple Berry Blend fruit 16 oz 068113118039(3.98), 3 Powerades 004900000790(1.48 each), Cheetos 002840059002(2.98)","Food Stamps",14.1,33.97570418,-117.3151694,33.9384322,-117.2861652,2137237,0.5929879036246,-2.0475359685649,0.592337384854863,-2.04702974977799,4932.81326566388,"Hypermarket","6250 Valley Springs Pkwy, Riverside, CA 92507, United States",33.9384322,-117.2861652,"Walmart Supercenter",0.592337384854863,-2.04702974977799,0.000650518769737429,-0.000506218786906931,1.49869799897548e-07,0.000774260440380455,4932.81326566388,142.112247726044,NA,2018-11-07,NA,NA,FALSE,FALSE
"119",119,119,2136943,"noah-gangoso",100878,NA,"2018-11-06",NA,"Unknown",NA,NA,NA,"Target","Unknown","Unknown",NA,33.93766237,-117.2781631,NA,NA,2136943,0.592323948786682,-2.04689008678592,NA,NA,NA,"Hypermarket","2755 Canyon Springs Pkwy, Riverside, CA 92507, United States",33.9386283,-117.2824994,"Target",0.592340807445526,-2.04696576949827,-1.68586588437103e-05,7.56827123544745e-05,1.05668279743896e-09,6.50133154918638e-05,414.199832998664,NA,NA,2018-11-06,NA,NA,FALSE,FALSE
"120",120,120,2133648,"karih",100620,NA,"2018-11-06",NA,"Unknown",NA,NA,NA,NA,"Unknown","Unknown",NA,33.97931056,-117.3367118,NA,NA,2133648,0.593050846829678,-2.04791195437368,NA,NA,NA,"Unknown",NA,NA,NA,NA,NA,NA,NA,NA,NA,NA,NA,NA,NA,2018-11-06,NA,NA,FALSE,FALSE
"121",121,121,2128644,"juliannamcd",100913,"2018-10-06","2018-11-05",30,"2246 Iowa Ave, Riverside, CA 92507",NA,NA,NA,"McDonalds","Nuggets(8.19), (2.99), (1.00)","Unknown",13.25,33.97560449,-117.3161416,33.9905574,-117.3393135,2128644,0.592986163705869,-2.04755293665589,0.593247141218123,-2.04795736260483,2707.25974723946,"Restaurant","2246 Iowa Ave, Riverside, CA 92507, United States",33.9905642,-117.3393112,"McDonald's",0.593247259900512,-2.04795732246226,-0.000261096194643429,0.000404385806370033,4.5152306897038e-08,0.000424981447014408,2707.55679892879,302.835698667234,2018-10-06,2018-11-05,-32.5680080179313,24.5962933148343,TRUE,FALSE
"122",122,122,2116394,"juliannamcd",100913,"2018-10-30","2018-11-02",3,"23689 Sunnymead Boulevard, Moreno Valley, CA 92553",NA,NA,NA,"Harbor Freight Tools","3.99","Cash",NA,33.97567517,-117.3162848,33.9375794,-117.249273,2116394,0.592987397304584,-2.04755543596738,0.592322500687002,-2.04638585941969,7492.94546804491,"Specialty Store","23689 Sunnymead Boulevard, Moreno Valley, CA 92553, United States",33.9375464,-117.2497886,"Harbor Freight Tools",0.592321924728349,-2.04639485833731,0.000665472576235615,-0.00116057763006472,3.42388883959509e-07,0.00117028017677175,7455.85500621285,119.619257959894,2018-10-30,2018-11-02,30,89.6192579598937,FALSE,FALSE
"123",123,123,2116388,"juliannamcd",100913,"2018-10-31","2018-11-02",2,"3796 Watkins Dr, Riverside, CA 92507",NA,NA,NA,"University Village Market","Unknown","Card",12.98,33.97566256,-117.3163542,33.9759484,-117.3161575,2116388,0.592987177218566,-2.04755664722588,0.592992166067699,-2.04755321416324,36.5951318225632,"Convenience Store","3796 Watkins Dr, Riverside, CA 92507, United States",33.9759507,-117.3163003,"University Village Market & Liquor",0.592992206210272,-2.04755570649341,-5.02899170662374e-06,-9.40732467036298e-07,6.47483800138467e-12,5.08914059597439e-06,32.4229147369528,34.5322631365639,2018-10-31,2018-11-02,30,4.53226313656392,FALSE,FALSE
"124",124,124,2116379,"juliannamcd",100913,"2018-10-31","2018-11-02",2,"Unknown",NA,NA,NA,NA,"S Fries, Cheeseburger","Unknown",NA,33.97560614,-117.3160262,NA,NA,2116379,0.592986192503801,-2.04755092254593,NA,NA,NA,"Unknown",NA,NA,NA,NA,NA,NA,NA,NA,NA,NA,NA,NA,2018-10-31,2018-11-02,30,NA,FALSE,FALSE
"125",125,125,2108745,"connor-young",101150,NA,"2018-10-30",NA,"Unknown",NA,NA,NA,NA,"L Ice Blended","Card",NA,33.98484466,-117.3310701,NA,NA,2108745,0.593147435095813,-2.04781348813327,NA,NA,NA,"Unknown",NA,NA,NA,NA,NA,NA,NA,NA,NA,NA,NA,NA,NA,2018-10-30,NA,NA,FALSE,FALSE
"126",126,126,2108720,"connor-young",101150,NA,"2018-10-30",NA,"Unknown",NA,NA,NA,NA,"Unknown","Unknown",NA,33.98505348,-117.3310158,NA,NA,2108720,0.593151079692357,-2.04781254041949,NA,NA,NA,"Unknown",NA,NA,NA,NA,NA,NA,NA,NA,NA,NA,NA,NA,NA,2018-10-30,NA,NA,FALSE,FALSE
"127",127,127,2095496,"juliannamcd",100913,NA,"2018-10-26",NA,"9915 Magnolia Ave, Riverside, CA 92503",NA,NA,NA,"99 Cents Only","3 Musketeers(0.80)","Cash",0.8,33.9757535,-117.3162735,33.9170068,-117.45518,2095496,0.592988764420987,-2.04755523874517,0.591963441081306,-2.04997961452259,14382.2089634837,"Dollar Store","12530 Day St, Moreno Valley, CA 92553, United States",33.9382192,-117.2780031,"99 Cents Only Stores",0.592333667303556,-2.04688729425912,0.000655097117431058,-0.000667944486054672,1.84025716709834e-07,0.000857964400189946,5466.09119361015,247.074312517517,NA,2018-10-26,NA,NA,FALSE,FALSE
"128",128,128,2072569,"juliannamcd",100913,"2018-10-21","2018-10-22",1,"1705 University Ave, Riverside, CA 92507",NA,NA,NA,"Winchells","Egg & cheese(3.69), Meal deal(7.49)","Card",12.16,33.97567714,-117.3159638,33.9760233,-117.3487409,2072569,0.59298743168757,-2.04754983346048,0.592993473319309,-2.04812190177473,3022.653328443,"Donut Shop","1705 University Ave, Riverside, CA 92507, United States",33.9760285,-117.3487084,"Winchell's Donut House",0.59299356407643,-2.04812133454273,-6.13238885982526e-06,0.000571501082248904,5.61619330137578e-08,0.000473970184991189,3019.66404857886,270.605115428088,2018-10-21,2018-10-22,-67.1,22.2948845719124,FALSE,FALSE
"129",129,129,2072567,"juliannamcd",100913,"2018-10-20","2018-10-22",2,"3375 Iowa Ave l, Riverside, CA 92507",NA,NA,NA,"Boba Fiend Tea House","2 Peach black teas(7.20), Honeyboba(0.50)","Card",8.7,33.97564395,-117.3159032,33.9816695,-117.3405672,2072567,0.592986852412792,-2.04754877579095,0.593092018099535,-2.04797924379766,2370.85936220606,"Coffee/Tea Shop","3375 Iowa Ave l, Riverside, CA 92507, United States",33.9816695,-117.3405672,"Boba Fiend",0.593092018099535,-2.04797924379766,-0.00010516568674368,0.000430468006712204,3.46207425836353e-08,0.000372133003014606,2370.85936220606,283.729463965216,2018-10-20,2018-10-22,-67.1,9.17053603478439,FALSE,FALSE
"130",130,130,2072558,"juliannamcd",100913,"2018-10-12","2018-10-22",10,"430 N McKinley St, Corona, CA 92879",NA,NA,NA,"99 Ranch Market","Pork spare rib(5.32), Chives(1.02), (6.51), Cash(20.00)","Card",32.85,33.97568707,-117.3155032,33.8887136,-117.5215374,2072558,0.592987604998765,-2.04754179447394,0.591469631585381,-2.05113776963566,21327.1178365703,"Supermarket","430 N McKinley St, Corona, CA 92879, United States",33.8886722,-117.5215807,"99 Ranch Market",0.59146890901907,-2.05113852536322,0.00151869597969501,0.00359673088927837,2.80297287891575e-06,0.00334841783402569,21332.7700205777,247.112795158171,2018-10-12,2018-10-22,-34.9451418124625,77.9420630293668,TRUE,FALSE
"131",131,131,2059338,"juliannamcd",100913,"2018-10-14","2018-10-19",5,"3796 Watkins Dr, Riverside, CA 92507",NA,NA,NA,"University Village Market","Unknown","Card",56.79,33.97556477,-117.3163795,33.9759484,-117.3161575,2059338,0.59298547046109,-2.04755708879418,0.592992166067699,-2.04755321416324,47.3152854694644,"Convenience Store","3796 Watkins Dr, Riverside, CA 92507, United States",33.9759507,-117.3163003,"University Village Market & Liquor",0.592992206210272,-2.04755570649341,-6.73574918230724e-06,-1.38230076762724e-06,1.1671083749655e-11,6.83259357775666e-06,43.5304536838877,30.0558887183659,2018-10-14,2018-10-19,9.82479497185731,20.2310937465086,FALSE,FALSE
"132",132,132,2059311,"juliannamcd",100913,"2017-05-05","2018-10-19",532,"13550 W Paxton St, Pacoima, CA 91331",NA,NA,NA,"Costco","Gas 8.186 gallons(2.739 each)","Card",22.42,33.97553807,-117.3152329,34.27188,-118.4267155,2059311,0.59298500445818,-2.04753707684898,0.598157146848394,-2.0669361077976,107487.050372606,"Warehouse Club","12700 Day St, Moreno Valley, CA 92553, United States",33.9359961,-117.2764319,"Costco Wholesale",0.592294866888955,-2.04685987164591,0.000690137569224758,-0.000677205203066134,1.97954992586647e-07,0.000889842695421405,5669.18781252977,284.92971696854,2017-05-05,2018-10-19,-62.7093435412952,12.3609394901644,TRUE,FALSE
"133",133,133,2058697,"Nebilheim ",99969,"2018-10-17","2018-10-18",1,"Unknown",NA,NA,NA,NA,"Unknown","Unknown",NA,33.97701387,-117.3309381,NA,NA,2058697,0.593010762027281,-2.04781118429866,NA,NA,NA,"Unknown",NA,NA,NA,NA,NA,NA,NA,NA,NA,NA,NA,NA,2018-10-17,2018-10-18,NA,NA,FALSE,FALSE
"134",134,134,2058647,"mchou009",101103,"2018-10-16","2018-10-18",2,"Unknown","900 University Dr, Riverside, CA 92521",33.974527,-117.328073,"Coffee Bean & Tea Leaf","Rg Mocha Ice Blended(4.65), Croissant chocolate(2.70)","Card",8.09,33.97623884,-117.3310004,33.974527,-117.328073,2058647,0.592997235201979,-2.04781227163878,0.592967357957712,-2.04776117887026,330.302698217929,"Coffee/Tea Shop","900 University Ave, Riverside, CA 92521, United States",33.9745289,-117.3280718,"Coffee Bean & Tea Leaf",0.592967391118967,-2.04776115792631,2.98440830115432e-05,-5.11137124741268e-05,6.71841601535222e-10,5.18398148795182e-05,330.27146059741,120.318923046568,2018-10-16,2018-10-18,75.2,45.118923046568,FALSE,FALSE
"135",135,135,2052136,"karih",100620,NA,"2018-10-17",NA,"Unknown",NA,NA,NA,NA,"Unknown","Unknown",NA,33.97947807,-117.3363718,NA,NA,2052136,0.593053770430708,-2.04790602025423,NA,NA,NA,"Unknown",NA,NA,NA,NA,NA,NA,NA,NA,NA,NA,NA,NA,NA,2018-10-17,NA,NA,FALSE,FALSE
"136",136,136,2050928,"atieu004",100906,"2018-10-10","2018-10-16",6,"Unknown","900 University Ave, Riverside, CA 92507",33.974255,-117.328792,"Subway","Steak sub","Card",8.85,33.97627238,-117.3310101,33.974255,-117.328792,2050928,0.59299782058541,-2.04781244093572,0.592962610662146,-2.04777372778758,303.57031832169,"Restaurant","The Hub, 900 University Ave Highlander Union Bldg, Riverside, CA 92507, United States",33.9742507,-117.328781,"Subway",0.592962535612988,-2.04777353580136,3.52849724216675e-05,-3.89051343563374e-05,5.71485974368737e-10,4.78115456548981e-05,304.607357367356,132.288301993892,2018-10-10,2018-10-16,-39.2709563390795,171.559258332972,TRUE,FALSE
"137",137,137,2050882,"karih",100620,"2018-10-15","2018-10-16",1,"Parking Lot 24, Riverside, CA 92507",NA,NA,NA,"UCR Parking Services Lot 24","2 Hour permit(6.50)","Card",6.5,33.97641235,-117.3309946,33.9780886,-117.3305668,2050882,0.593000263522764,-2.04781217040969,0.593029519604351,-2.04780470389115,190.519024866506,"Parking Lot","Riverside, CA 92507, United States",33.978166,-117.3305857,"UCR / LOT 24 STATION",0.593030870489192,-2.04780503375838,-3.06069664277597e-05,-7.13665131168995e-06,2.42952674394894e-10,3.11738784506881e-05,198.608779609334,14.3162494021749,2018-10-15,2018-10-16,58,43.6837505978251,FALSE,FALSE
"138",138,138,2050787,"juliannamcd",100913,NA,"2018-10-16",NA,"Unknown",NA,NA,NA,"Chronic Tacos","Unknown","Unknown",NA,33.97595822,-117.3310423,NA,NA,2050787,0.592992337459032,-2.04781300293174,NA,NA,NA,"Restaurant","900 University Ave, Riverside, CA 92521, United States",33.9754243,-117.3315962,"Chronic Tacos",0.59298301879709,-2.04782267031047,9.31866194231468e-06,9.66737872687418e-06,3.77770887378564e-11,1.22926138373142e-05,78.3162427575287,NA,NA,2018-10-16,NA,NA,FALSE,FALSE
"139",139,139,2050744,"juliannamcd",100913,NA,"2018-10-16",NA,"Unknown",NA,NA,NA,"Regency Theatres","Unknown","Unknown",NA,33.97598302,-117.3309469,NA,NA,2050744,0.592992770300686,-2.04781133788763,NA,NA,NA,"Movie Theatre","1201 University Ave, Riverside, CA 92507, United States",33.9769884,-117.3378833,"Regency University Village 10",0.59301031749192,-2.04793240090587,-1.75471912338132e-05,0.000121063018235112,2.59669297606619e-09,0.000101915513604432,649.303737173837,NA,NA,2018-10-16,NA,NA,FALSE,FALSE
"140",140,140,4648096,"jacquelines",150567,NA,"2019-11-22",NA,"Unknown",NA,NA,NA,NA,"Unknown","Card",NA,34.0546856,-117.2977313,NA,NA,4648096,0.594366389451501,-2.04723161630461,NA,NA,NA,"Unknown",NA,NA,NA,NA,NA,NA,NA,NA,NA,NA,NA,NA,NA,2019-11-22,NA,NA,FALSE,FALSE
"141",141,141,4639269,"jacquelines",150567,NA,"2019-11-20",NA,"Unknown",NA,NA,NA,"Stater Bros","Clif Zbar Kid","Unknown",NA,34.0545404,-117.2968928,NA,NA,4639269,0.594363855233427,-2.04721698171883,NA,NA,NA,"Supermarket","2053 E Washington St, Colton, CA 92324, United States",34.0500112,-117.2913264,"Stater Bros. Markets",0.594284805780945,-2.04711982971135,7.90494524812724e-05,-9.71520074828369e-05,3.18198731933498e-09,0.00011281821347123,718.764838025205,NA,NA,2019-11-20,NA,NA,FALSE,FALSE
"142",142,142,4632030,"jacquelines",150567,"2019-11-13","2019-11-18",5,"1120 S Mt Vernon Ave, Colton, CA 92324",NA,NA,NA,"Walmart","4 Enfamil Powder Infant Formula (17.08 each)","Food Stamps",68.32,34.054685,-117.2970836,34.0497163,-117.3065578,4632030,0.594366378979525,-2.04722031180704,0.594279658804981,-2.04738566779104,1033.00501027986,"Hypermarket","1120 S Mt Vernon Ave, Colton, CA 92324, United States",34.0500946,-117.3065338,"Walmart Supercenter",0.594286261385542,-2.04738524891202,8.01175939835197e-05,0.000164937104972118,6.27333160863695e-09,0.000158408732357218,1009.22203384784,242.324179059595,2019-11-13,2019-11-18,-29.3002785230538,88.3755424173508,FALSE,FALSE
"143",143,143,4620321,"jacquelines",150567,"2019-11-15","2019-11-16",1,"1120 S Mt Vernon Ave, Colton, CA 92324",NA,NA,NA,"Walmart","Chevron Techron Concentrate Plus 10 oz fuel cleaner(4.94), Drain pan(2.97), SYNMXL 007413001612(22.47), Mobil 1 M1-110A Extended Performance Oil Filter(9.97)","Card",43.48,34.054271,-117.2954952,34.0497163,-117.3065578,4620321,0.594359153316422,-2.0471925889972,0.594279658804981,-2.04738566779104,1138.08010810298,"Hypermarket","1120 S Mt Vernon Ave, Colton, CA 92324, United States",34.0500946,-117.3065338,"Walmart Supercenter",0.594286261385542,-2.04738524891202,7.28919308802256e-05,0.000192659914810545,7.69827343117545e-09,0.000175479610792023,1117.98060035598,247.62094290607,2019-11-15,2019-11-16,-2.90000000000002,109.47905709393,FALSE,FALSE
"144",144,144,4614369,"jacquelines",150567,NA,"2019-11-15",NA,"2049 E Washington St, Colton, CA 92324",NA,NA,NA,"Marias Cafe","Unknown","Cash",25.08,34.0546248,-117.2969784,34.0504772,-117.2918682,4614369,0.594365328291315,-2.04721847572067,0.59429293901526,-2.04712928590523,659.046498354496,"Restaurant","2049 E Washington St Ste 2A, Colton, CA 92324, United States",34.0504503,-117.2918566,"Maria's Cafe Mexican Restaurant",0.594292469521691,-2.04712908344704,7.28587696245953e-05,-8.93922736286967e-05,2.69845747564513e-09,0.000103893358364668,661.904586141303,129.065384864649,NA,2019-11-15,NA,NA,FALSE,FALSE
"145",145,145,4614348,"jacquelines",150567,"2019-11-12","2019-11-15",3,"1703 E Washington St, Colton, CA 92324",NA,NA,NA,"Circle K","BLK + ?? Blues PT 1 (1.29), thigh(1.99)","Card",3.38,34.0546248,-117.2969784,34.0489392,-117.2998956,4614348,0.594365328291315,-2.04721847572067,0.594266095851364,-2.04726939046561,686.964228691943,"Convenience Store","1703 E Washington St, Colton, CA 92324, United States",34.0489568,-117.2998559,"Circle K",0.594266403029312,-2.0472686975699,9.89252620030578e-05,5.02218492259843e-05,2.87940815795178e-09,0.000107320234079421,683.737211319993,207.160458602611,2019-11-12,2019-11-15,-47.2452012611783,105.594340136211,FALSE,FALSE
"146",146,146,4535672,"jacquelines",150567,"2019-10-29","2019-11-01",3,"1321 W Foothill Blvd, Rialto, CA 92376",NA,NA,NA,"99 Cents Only","Mentos Mini Chewy Mint Cinnamon(0.99), Mentos Mini Chewy Mint Cinnamon(0.99), Ghirardelli Milk & Caramel Bar(1.99), Colombina Fun Mix Candy 40 oz(3.99), Lollipops 1.2 Lb Bag(1.99), Colombina Fun Mix Candy 40 oz(3.99), Colombina Fun Mix Candy 40 oz(3.99), Colombina Starlight Mints Candy(0.99), Chili Candy Watermelon 6 oz (0.99), Paletas Mango Chili Lollipops(0.99), Jovy Mando Revolcado Lollipops(0.99), Tootsie Roll Midgees 6.29 oz(0.99), Tootsie Roll Midgees 6.29 oz(0.99), Milkyway Choco Candy Fun Size 6 pack(0.99), Tootsie Roll Midgees 6.29 oz(0.99), 3Musketeer Choc Candy Fun Size 6 pack(0.99), Milky Way Midnight Dark Choc Fun Size(0.99), Tootsie Roll Midgees 6.29 oz(0.99), Hershey Milk Choc Snack Size(0.99), Snack Size Bars 5 pk 3 oz(0.99), Colombina Starlight Mints Candy(0.99), Charleston Chew Big Bar Vanilla(0.99), 2 Plastic Bags(0.10 each)","Card",33.15,34.0545328,-117.2972113,34.1056092,-117.3971749,4535672,0.594363722588404,-2.0472225405925,0.595255173938469,-2.04896723454464,10817.3131566764,"Dollar Store","1080 S Mt Vernon Ave, Colton, CA 92324, United States",34.0514468,-117.3067374,"99 Cents Only Stores",0.594309861727687,-2.04738880240237,5.38608607164592e-05,0.000166261809874335,5.46909930781318e-09,0.000147906718140638,942.313701274004,297.066020159147,2019-10-29,2019-11-01,89.016485646982,151.950465487835,FALSE,FALSE
