 ,,,,,,,,,,
,,,,,,,,,,
,,,,,,,,,,
Daily Averaged Summary,,,,,,,,,,
RIVERSIDE MUNI AP (CA),,,,,,,,,,
WBAN ID: 03171,,,,,,,,,,
Lat/Lon/Elev: 33.9519/-117.4386/805ft.,,,,,,,,,,
 ,,,,,,,,,,
Date,Max Hourly Temp (F),Min Hourly Temp (F),Mean Hourly Temp (F),Max Dew Point Temp (F),Min Dew Point Temp (F),Mean Dew Point Temp (F),Mean Pres (inHg),Mean Wind Speed (mph),Mean Wind Dir (deg),Total Precip (in)
1/1/2017,55,42,49,45,42,43.3,983.6,2.7,M,M
1/2/2017,55,48,50.3,48,44,45.6,988.64,1.5,340.8,M
1/3/2017,56,44,49.5,47,43,44.8,990.94,1,10.1,0
1/4/2017,61,41,52,50,40,45.9,989.51,3.2,1.4,M
1/5/2017,63,52,56.1,57,52,53.8,985.31,4,333.8,M
1/6/2017,64,48,55.1,52,35,42.3,987.85,3.6,55.1,M
1/7/2017,69,47,56.5,46,37,42.4,992.07,2.7,39,0.01
1/8/2017,75,50,61.2,51,41,45.7,991.64,3.8,7.7,0
1/9/2017,61,53,56.5,57,50,54.1,990.93,1.9,2,M
1/10/2017,56,48,53.4,54,48,51.4,989.34,2.6,357.8,M
1/11/2017,63,50,55.7,57,47,51.4,986.01,5.1,319.2,M
1/12/2017,56,50,52.1,52,48,50.2,984.41,2.6,30.4,0.63
1/13/2017,59,50,53.7,50,41,45.5,985.9,5,58.3,M
1/14/2017,68,44,55.6,45,39,40.6,985.95,7.3,M,0
1/15/2017,56,39,48.1,M,M,M,987.18,1.7,8.8,0
1/16/2017,61,41,50.6,M,M,M,987.35,5.2,20.7,M
1/17/2017,67,34,49.1,44,23,35,989.14,3.8,5.8,0
1/18/2017,58,38,49.6,48,33,43.1,990.17,4.2,346.4,0.01
1/19/2017,59,49,52.7,53,45,48.3,983.56,6.4,239.2,M
1/20/2017,56,48,50.5,51,45,48.2,973.58,8.8,242.5,M
1/21/2017,57,45,50.3,47,41,43,982.58,5.5,308.2,M
1/22/2017,53,48,49.4,52,45,48.2,M,4.9,47.2,M
1/23/2017,52,43,47.8,50,40,44.2,981.66,7.6,M,M
1/24/2017,54,38,45.4,44,36,39.3,986.55,2.1,345.1,0
1/25/2017,56,36,45.9,41,32,37.1,994.08,3.3,14.3,0
1/26/2017,61,36,49.1,38,25,30.8,996.01,6.9,42.4,0
1/27/2017,59,48,53.5,25,16,19.3,1000.63,11.6,27,0
1/28/2017,71,48,60.9,22,13,17.6,999.64,9.3,53.7,0
1/29/2017,76,53,65.2,33,17,22.8,994.75,8.9,60,0
1/30/2017,77,47,61.3,38,28,32.9,990.84,4.3,53.7,0
1/31/2017,73,46,57.8,42,36,38.5,989.36,3.7,7.6,0
2/1/2017,70,45,55.7,46,37,40.8,988.54,3.8,358.1,0
2/2/2017,65,42,53.7,47,35,41.5,989.47,2.2,345.7,0
2/3/2017,59,50,54.9,56,46,50.7,988.81,1.9,357.8,M
2/4/2017,64,50,56.9,55,49,52.1,988.74,2.7,M,M
2/5/2017,56,44,51,52,44,49.1,986.84,2.8,335.6,M
2/6/2017,57,50,53.5,55,49,52.7,987.93,1.5,17,M
2/7/2017,64,55,58.2,59,55,56.5,990.19,6.2,297.8,M
2/8/2017,69,57,61.5,61,57,58.1,990.45,0.8,0.6,M
2/9/2017,77,52,63.5,61,52,56.9,986.82,4.2,340.8,0
2/10/2017,63,53,58.5,59,53,56,986.91,3.6,324.7,M
2/11/2017,64,53,57.3,57,50,53.8,987.83,3.4,313.3,M
2/12/2017,71,48,61.1,51,31,41.4,987.46,7.4,9.6,M
2/13/2017,75,55,65.5,47,29,38.5,986.64,6.5,348.2,0
2/14/2017,72,51,59.4,53,46,49.2,987.63,2.9,334.1,0
2/15/2017,79,44,60.4,50,32,41.9,988.3,4.2,M,0
2/16/2017,70,49,59.7,52,36,44.4,985.09,4.7,342.2,0
2/17/2017,58,50,54.3,53,49,51.5,974.91,7.2,79.1,M
2/18/2017,59,49,53.3,52,48,50.3,972.16,3.9,M,M
2/19/2017,61,51,54.7,52,48,49.7,984.38,1.4,353.1,M
2/20/2017,64,50,56.5,55,50,52.2,994.04,2.9,334.3,M
2/21/2017,68,56,60.4,57,45,52.5,994.51,2,342.4,0
2/22/2017,62,47,54.7,52,39,46.1,988.54,5.7,306.5,0
2/23/2017,59,40,48.7,42,26,34.5,987.22,5.4,M,0
2/24/2017,61,38,49,39,23,32.8,990.44,3.3,14.6,0
2/25/2017,61,38,49.5,45,34,39.3,987.99,4.2,338,0
2/26/2017,54,44,49.2,49,42,45.6,985.15,2.8,M,M
2/27/2017,53,45,49.9,52,42,48,981.66,1.7,345.5,M
2/28/2017,62,42,51.4,49,38,42.5,988.23,2.9,341.7,M
3/1/2017,72,40,56.1,41,20,31.7,993.79,5.2,43.9,0
3/2/2017,77,40,60.4,33,21,27.4,991.28,7,67.8,0
3/3/2017,80,48,64.1,35,22,29.1,986.13,5.9,46.6,0
3/4/2017,69,48,57.3,49,36,41.3,985.91,3.2,339.9,0
3/5/2017,60,43,52,50,39,45.9,986.04,5.7,296,M
3/6/2017,62,39,49.9,41,28,36.1,990.89,2.9,353.6,M
3/7/2017,77,42,59.3,44,30,36.8,991,3.5,M,0
3/8/2017,85,49,66.7,49,36,41.3,988.26,4.5,39.6,0
3/9/2017,87,53,68.6,48,38,44.4,987.8,3.9,15.7,0
3/10/2017,81,53,66.8,50,45,47.9,987.12,3.5,2.3,0
3/11/2017,83,51,66.5,54,45,50,985.69,4,359.9,0
3/12/2017,91,53,70,55,37,49.8,985.62,3.7,3.5,0
3/13/2017,91,56,70.9,52,33,46.7,986.23,4,5.6,M
3/14/2017,88,56,71.3,50,40,45.8,987.67,4.9,18.7,0
3/15/2017,88,55,70.7,52,42,46.7,988.35,4.3,350.4,0
3/16/2017,83,55,67.5,52,43,48.5,988.18,4.3,338.2,0
3/17/2017,84,55,68.3,54,45,50.8,986.64,4.2,322.8,0
3/18/2017,82,52,65.6,56,49,52.7,987.79,2.9,M,0
3/19/2017,82,53,65.1,55,42,51.6,987.74,6.6,M,0
3/20/2017,70,53,59,54,49,52.2,988.7,5.3,M,M
3/21/2017,67,54,59,58,51,53.8,988.5,4.2,303,M
3/22/2017,68,53,59.3,57,47,52.5,985.58,8.1,278,M
3/23/2017,67,48,57,48,38,43.7,989.14,4.6,M,M
3/24/2017,73,45,57.7,49,38,43.9,992.43,4.7,327.5,0
3/25/2017,69,49,58.5,53,47,49.9,988.22,5.5,296.9,M
3/26/2017,70,51,59.3,53,48,50.9,986.78,4.3,M,M
3/27/2017,72,52,60,54,41,48,985.24,6,294.5,M
3/28/2017,79,52,66.9,42,20,28.3,985.62,9.4,M,0
3/29/2017,85,54,69.7,43,26,34.3,986.38,5.5,M,0
3/30/2017,77,51,62.5,51,28,43.5,981.23,6.1,M,0
3/31/2017,72,48,59.3,39,27,33.1,979.53,5.2,M,0
4/1/2017,79,45,62.3,46,39,41.5,984.3,5.4,332.4,0
4/2/2017,81,50,64.2,52,37,43.7,M,4.7,M,M
4/3/2017,71,50,58.1,52,48,50.6,983,5.3,M,M
4/4/2017,82,55,65.7,52,40,49.7,985.45,3.8,M,0
4/5/2017,87,54,70.3,51,31,42.2,986.51,5.6,M,0
4/6/2017,84,56,66.2,54,40,46.5,985.52,5.1,325.3,0
4/7/2017,77,52,62.8,54,35,46.8,986.59,5.2,303.8,M
4/8/2017,70,49,58.3,54,40,47.5,986.07,5.9,308.9,M
4/9/2017,75,45,58.7,44,32,38.9,986.9,4.6,329.8,0
4/10/2017,80,46,63,43,29,36.8,986.41,4.8,M,0
4/11/2017,79,51,63,44,33,40.9,985.79,5,318.5,0
4/12/2017,77,50,62.8,55,41,47.2,986.57,5.4,321.7,0
4/13/2017,72,53,61.6,54,46,49.1,986.25,9.1,270.9,0
4/14/2017,72,48,59,49,41,45.3,984.7,4.9,325.1,0
4/15/2017,80,49,64.1,45,36,41.2,984.36,4.9,M,0
4/16/2017,81,52,65.5,45,33,40.6,985.78,5.6,325,0
4/17/2017,79,52,65.3,59,31,49.9,987.77,5.7,M,0
4/18/2017,78,61,67.5,59,53,57,988.33,5.6,M,M
4/19/2017,78,59,67,58,46,52.2,988.83,5.8,296.8,M
4/20/2017,80,52,66.8,54,43,48.6,986.9,4.8,327.8,0
4/21/2017,93,55,75.1,49,27,42.7,982.7,5.5,4.6,0
4/22/2017,95,60,76.6,48,32,41,981.48,5.4,339,0
4/23/2017,83,58,68.3,55,44,50.7,980.77,6.3,296.5,0
4/24/2017,72,57,62.9,55,50,52.7,982.11,5.3,M,0
4/25/2017,73,54,63.8,52,42,47.6,981.85,3.8,325.3,0
4/26/2017,79,53,66.2,54,45,49.2,981.48,4.8,M,0
4/27/2017,77,55,67,55,45,51.5,978.4,4.8,316.7,0
4/28/2017,81,54,70,51,14,37.6,978.45,6.3,351.5,0
4/29/2017,84,60,71.8,31,13,19.5,985.98,10.9,21,M
4/30/2017,88,55,72,37,20,28.3,M,7.3,M,M
5/1/2017,91,55,71.9,44,29,37.7,983.42,5.2,M,0
5/2/2017,91,59,73.7,48,39,43.8,982.53,4.8,311.7,0
5/3/2017,92,59,73.3,57,48,52,983.78,5.3,312.1,0
5/4/2017,92,59,72.1,58,50,54.2,983.52,6.3,306,0
5/5/2017,79,56,64.9,57,53,55,981.06,7,287.9,0
5/6/2017,66,48,58.2,56,42,50.2,979.19,7.2,255.5,0.01
5/7/2017,63,48,53.2,48,38,43.2,981.41,5.6,98.3,0.01
5/8/2017,77,45,59.8,51,39,45.3,981.4,5,321.6,M
5/9/2017,73,53,61.8,54,50,52,982.8,5.8,M,M
5/10/2017,69,58,61.7,55,52,53.3,988.32,5,M,0
5/11/2017,79,57,66.1,56,52,54,988.53,6,M,0
5/12/2017,80,54,64.3,55,52,54,984.06,5.9,M,0
5/13/2017,77,57,64.6,55,42,48,981.25,6.3,M,M
5/14/2017,75,52,61.7,51,45,47.3,981.3,5,M,0
5/15/2017,66,53,58.5,46,39,44.4,982.73,6.2,M,M
5/16/2017,67,54,59.2,49,44,47.3,985.9,5.7,M,0
5/17/2017,62,52,57.1,52,48,50.2,983.35,2.7,337.6,M
5/18/2017,82,49,64.7,52,40,48.7,982.04,5.5,M,0
5/19/2017,90,53,73.3,49,26,38.1,982.88,7.7,12.1,0
5/20/2017,96,59,78,43,28,36.5,981.73,6.7,14.5,0
5/21/2017,95,63,79,50,33,42.6,982.58,7.1,M,0
5/22/2017,93,61,76.4,57,45,51,983.6,4.8,M,0
5/23/2017,92,62,76.2,59,48,54.7,983.05,5.9,301.7,0
5/24/2017,85,58,68,57,47,53.6,980.49,5.4,M,0
5/25/2017,71,57,62.3,54,49,51.2,981.16,8.1,M,M
5/26/2017,75,58,64.1,51,46,49.4,984.76,6.8,M,0
5/27/2017,79,56,65.1,52,49,50.5,986.55,5.7,287.3,0
5/28/2017,87,55,68.5,55,51,53,985.14,5.3,M,0
5/29/2017,83,56,67.1,57,53,55.2,982.43,6.5,288.2,0
5/30/2017,80,57,65.7,58,55,56.6,982.27,6.5,284.3,M
5/31/2017,72,60,63.8,58,57,57.3,981,6.1,282.8,M
6/1/2017,78,60,66.7,58,56,57,981.13,7.6,M,M
6/2/2017,92,58,72.1,60,55,57.7,980.89,5.4,M,0
6/3/2017,92,59,72.8,61,54,58.1,981.54,6.6,M,0
6/4/2017,89,59,71.7,61,57,58.8,981.3,5.3,306.3,M
6/5/2017,86,57,68.7,61,57,58.6,981.37,6.5,M,M
6/6/2017,80,61,67.2,60,58,58.9,982.97,6.8,287.9,0
6/7/2017,79,62,67.6,61,57,58.8,983.8,6.1,295.2,M
6/8/2017,79,60,66.9,59,55,56.7,984.81,5.9,282,M
6/9/2017,82,57,67.9,59,52,56.2,983.09,6.5,302.4,M
6/10/2017,78,59,66.5,59,53,55.9,981.36,6.3,301.9,M
6/11/2017,75,58,64.3,54,50,51.9,982.56,6.7,M,M
6/12/2017,76,56,65.3,53,43,48.3,985.38,6.4,M,0
6/13/2017,87,54,70.3,53,41,47.4,982.77,4.3,M,0
6/14/2017,93,59,75.8,52,46,49.5,981.61,5.3,319,0
6/15/2017,95,61,78.2,56,44,50.5,982.35,4.8,323.1,0
6/16/2017,100,63,80,54,45,51.6,981.79,3.9,328.3,0
6/17/2017,97,63,79.6,56,46,52.6,980.98,5,311.4,0
6/18/2017,97,64,80.4,57,44,53,979.43,5,309,0
6/19/2017,97,66,82.1,60,56,58.1,979.95,4.3,319.6,0
6/20/2017,103,68,85.2,62,56,59.7,980.1,4.2,M,0
6/21/2017,103,69,84.4,63,49,58.6,977.4,6.1,308.4,0
6/22/2017,91,62,74.7,63,56,60.6,979.35,7,284.1,0
6/23/2017,91,61,74.1,62,60,61,982.15,6.6,288.3,M
6/24/2017,91,65,77.2,63,60,61,981.53,6.2,284,0
6/25/2017,108,68,83.9,62,54,59.8,982.04,4.4,318.3,0
6/26/2017,106,71,87.1,61,31,47,982.9,6.2,320.6,0
6/27/2017,100,64,81.6,53,27,43.5,981.54,5.8,308.6,0
6/28/2017,91,62,73.7,58,42,53.5,981.41,5.6,314.6,0
6/29/2017,86,59,70.3,59,52,57.2,983.04,5.9,295.4,0
6/30/2017,87,60,71.5,59,57,58.4,982.04,6.7,M,0
7/1/2017,86,61,70,61,58,59.9,981.53,7.1,282.2,M
7/2/2017,91,59,73,61,55,58.4,984.65,5.4,M,M
7/3/2017,97,60,77.2,60,39,54,985.8,4.8,M,0
7/4/2017,98,64,80.6,57,39,49.5,984.34,4.2,M,0
7/5/2017,99,66,81.4,57,41,48.1,984.47,4.8,M,0
7/6/2017,102,67,83.2,59,51,56.1,984.51,4.5,307.2,0
7/7/2017,107,72,88.5,60,55,58.3,981.45,4.9,M,0
7/8/2017,107,75,88.8,63,53,59.5,980.6,5.5,300.5,0
7/9/2017,103,72,85,67,58,62.7,982.81,6.6,M,0
7/10/2017,99,74,84.3,62,54,59.4,982.6,6.2,M,0
7/11/2017,94,70,80.7,65,57,61.6,983.25,6.3,295,0
7/12/2017,94,67,80.1,65,58,61.3,984.12,5.5,M,0
7/13/2017,95,66,79.6,64,51,58.7,985.39,6.1,M,0
7/14/2017,95,68,80.7,61,53,56.7,985.27,5.4,297.8,0
7/15/2017,100,68,81.3,64,57,60.5,983.44,4.9,296,0
7/16/2017,94,69,79.9,66,61,63.1,981.76,6.3,298.2,0
7/17/2017,95,69,79.2,66,63,64.3,981.74,6.6,300,0
7/18/2017,94,68,79,65,55,61.6,983.56,5.2,302.3,0
7/19/2017,93,70,79.4,64,60,61.9,984.58,5.1,M,0
7/20/2017,95,68,78.9,65,54,61.1,984.94,M,M,0
7/21/2017,94,63,77.9,64,52,60.2,983.3,M,M,0
7/22/2017,95,66,78.5,65,61,63.1,982.24,6.3,287.4,0
7/23/2017,96,67,78.6,66,55,62.5,981.54,6.6,M,0
7/24/2017,83,67,73.1,66,62,63.6,982.86,4.8,282.3,0.01
7/25/2017,90,68,76.1,65,61,63.3,984.61,6.9,281.7,0
7/26/2017,94,65,77.9,65,62,63.1,985.13,7,275.1,0
7/27/2017,97,68,80,64,57,61.4,983.39,5.9,M,0
7/28/2017,94,65,77.1,64,57,61.4,983.3,6.7,M,0
7/29/2017,95,63,75.9,63,56,61.1,985.26,6.5,293,0
7/30/2017,93,65,76.3,64,60,62.5,986.35,5.2,M,0
7/31/2017,96,64,78.6,65,60,63.1,983.49,6.3,M,0
8/1/2017,104,71,82,75,60,68.3,981.83,6,M,M
8/2/2017,95,74,83.8,71,66,68.7,982.97,3.1,324.3,0
8/3/2017,102,76,85.6,69,64,66.8,984.3,6.9,M,0
8/4/2017,96,72,82.1,65,56,62.1,983.92,6.6,290.6,0
8/5/2017,93,67,77.2,64,57,62.1,983.01,5.8,M,0
8/6/2017,92,65,76.6,65,61,63.2,982.52,5.3,305,0
8/7/2017,93,66,78.2,65,59,63,982.73,5.4,283.8,0
8/8/2017,99,67,80.7,64,49,58.8,982.35,4.5,312.8,0
8/9/2017,96,66,79.2,64,53,59.2,982.48,4.7,320.3,0
8/10/2017,96,66,79.8,63,53,60.1,982.45,6.4,M,0
8/11/2017,98,67,80.2,64,58,61.7,981.15,6.5,M,0
8/12/2017,97,65,77.7,64,57,61,981.92,5.5,M,0
8/13/2017,95,63,75.4,64,48,60.1,982.81,6.2,M,M
8/14/2017,89,63,71.8,63,56,60.6,982.07,6.1,M,M
8/15/2017,79,63,69.1,61,58,58.6,982.57,5,309.2,M
8/16/2017,85,62,71.2,60,55,58.1,984.32,5.5,M,0
8/17/2017,88,63,73.4,61,47,57.5,985.26,6.4,M,0
8/18/2017,88,64,74.6,62,56,60.2,984.71,6.2,292.1,0
8/19/2017,89,63,73.1,63,60,60.8,983.64,6.1,M,M
8/20/2017,89,62,71.3,61,57,60.5,983.24,6.6,274.7,0
8/21/2017,88,64,72.7,62,58,60.4,985.17,5.4,M,0
8/22/2017,94,63,75.6,62,58,60.9,985.04,6.1,282.9,0
8/23/2017,85,65,72.3,64,60,61.8,983.87,6.5,M,M
8/24/2017,87,65,72.3,63,60,61.2,980.83,6.2,290,M
8/25/2017,88,63,73,63,60,62.3,979.95,5.5,M,M
8/26/2017,102,65,80.7,65,59,62.6,982.88,5.2,300.2,0
8/27/2017,98,67,82,64,54,59.3,982.45,5.4,M,0
8/28/2017,106,71,87,64,54,58.5,979.8,2.9,330.9,0
8/29/2017,108,76,91,64,51,59.7,978.99,5.1,314,0
8/30/2017,107,75,92,65,53,59.6,977.72,4.9,323.9,0
8/31/2017,111,77,90.6,69,48,60,978.04,5.2,46.6,M
9/1/2017,109,78,93.9,66,49,58.5,978.75,6.4,M,0
9/2/2017,108,78,91.8,68,58,64,980.02,6,36.3,0
9/3/2017,100,73,85.1,73,62,67.3,983.94,7.6,226.2,0.22
9/4/2017,88,71,75.9,70,67,68.5,M,4.8,312.1,M
9/5/2017,92,68,78.7,68,65,66.3,984.2,5.2,M,0
9/6/2017,94,71,79,67,57,63,983.9,5.7,M,M
9/7/2017,95,64,78.4,62,51,58.9,981.91,4,318.3,0
9/8/2017,92,66,76.2,65,57,61.2,981.81,4.4,306.3,0
9/9/2017,90,64,76.1,64,47,58.9,984.12,5,308.9,M
9/10/2017,100,67,82.1,60,54,58,982.47,4.6,M,M
9/11/2017,100,73,82.4,64,54,61.3,982.54,4.7,327.1,0
9/12/2017,89,69,77.2,64,62,62.8,982.65,5.6,299.1,0
9/13/2017,82,64,70.4,63,57,60.4,981.95,7.8,M,M
9/14/2017,74,61,67.3,59,53,56.4,983,5.8,M,M
9/15/2017,77,64,68.7,60,56,58.3,982.56,6.4,282.6,M
9/16/2017,82,63,69.1,61,57,59.2,982.51,5.1,M,M
9/17/2017,77,63,68.2,63,58,60.4,983.76,5.4,284.2,M
9/18/2017,83,59,68.7,62,57,59.6,983.33,5,295.3,M
9/19/2017,78,64,69.4,61,55,58.8,982.63,5.2,280.9,M
9/20/2017,79,64,68.8,61,56,59.3,981.68,5.1,M,0
9/21/2017,75,58,66.3,61,45,54.7,980.58,5.9,312.1,0
9/22/2017,74,53,63.2,53,43,49.4,980.56,5.4,M,0
9/23/2017,77,54,63.9,53,48,50.8,980.55,4.5,312.2,0
9/24/2017,84,53,69.3,51,26,40.1,981.46,4,M,0
9/25/2017,89,57,72.8,42,24,32,980.23,6.5,M,0
9/26/2017,90,57,72.9,46,29,37.5,979.31,7,354.9,0
9/27/2017,91,57,73,55,34,45.5,981.56,5.9,326.1,0
9/28/2017,96,59,76.6,50,28,41.9,982.33,5.2,M,0
9/29/2017,94,60,76.1,51,33,43.1,982.17,5.5,315,0
9/30/2017,87,59,71.1,61,44,53,981.43,4.3,313.5,0
10/1/2017,82,59,67.3,60,53,57.2,979.21,5,M,M
10/2/2017,79,62,67.5,58,52,56,978.56,4.4,M,M
10/3/2017,75,60,65.5,59,52,56.2,981.48,4.2,329.7,M
10/4/2017,85,55,67.9,56,33,50.3,984.17,2.9,M,0
10/5/2017,89,54,70.5,51,25,43.3,982.43,3.7,M,0
10/6/2017,97,57,77.5,47,19,31,982.65,6.3,34.6,0
10/7/2017,97,61,77,45,18,31.8,979.5,4.8,355.8,0
10/8/2017,85,55,68.4,59,35,47.8,977.6,4.5,313,M
10/9/2017,85,59,72.3,58,12,22.5,982.99,8.7,35.1,M
10/10/2017,89,58,71.3,44,15,26.9,983.26,4.1,351.2,0
10/11/2017,82,56,67.6,57,35,46.9,981.89,4.8,327.7,0
10/12/2017,81,55,65.2,57,50,54.9,983.4,3.2,322.9,M
10/13/2017,82,55,66.6,59,50,54.9,984.35,3.4,M,0
10/14/2017,93,56,75,57,13,31.8,985.44,6.1,28.9,0
10/15/2017,95,62,78.3,33,15,20.9,988.5,5.7,52.5,0
10/16/2017,97,61,78.1,39,17,29.8,987.51,4.8,32.7,0
10/17/2017,97,63,77.9,47,25,34.6,985.03,5.2,6.5,0
10/18/2017,90,64,74.6,56,37,47.8,983.46,5,M,0
10/19/2017,77,59,66.9,62,53,57.5,982.65,4.2,311,M
10/20/2017,75,61,65.6,61,51,56.1,983.25,4.9,301.2,M
10/21/2017,84,55,68.6,54,25,40.8,987.31,4,17.2,0
10/22/2017,94,59,77,35,26,30.2,989.48,7,52.6,0
10/23/2017,101,65,83.7,41,27,33.5,988.59,6.6,44.8,0
10/24/2017,98,73,86.9,39,30,34.8,987.36,9.8,29.4,0
10/25/2017,99,64,79.9,40,25,33.3,982.95,4.8,59.7,0
10/26/2017,94,62,75.7,43,30,36.5,982.41,4.4,9.7,0
10/27/2017,93,57,73.2,56,33,43.6,983.02,3.8,345,M
10/28/2017,91,56,70.6,56,42,51,981.7,3.4,335.5,0
10/29/2017,77,53,63.6,59,53,57.1,981.73,4.1,M,M
10/30/2017,70,61,63.5,59,52,55.6,981.65,3.7,M,M
10/31/2017,70,61,63.7,56,52,54.6,982.92,2.9,341.2,M
11/1/2017,71,60,64,56,49,54.1,983.92,3.5,M,0
11/2/2017,66,60,62.1,56,49,52.3,987.31,5.5,288.7,M
11/3/2017,69,54,61.6,51,45,48.3,988.02,4.1,306.7,0
11/4/2017,72,53,61,55,47,50.3,986.1,5.3,313,0
11/5/2017,71,55,61.5,57,51,53.5,987.98,4.5,277.5,M
11/6/2017,74,54,62.6,54,46,51.2,988.21,3.8,336.2,0
11/7/2017,77,56,64.9,53,49,51.6,988.46,3.8,345.2,0
11/8/2017,76,53,63.9,56,50,52.9,987.3,3.8,350.4,0
11/9/2017,72,54,62,59,52,54.7,987.15,2.6,327.1,M
11/10/2017,69,53,59.4,54,51,52.7,985.95,3,346.3,M
11/11/2017,75,49,59.7,54,39,50.5,986.05,2.7,M,0
11/12/2017,68,52,59.6,53,46,50.7,987.86,1.7,353,0
11/13/2017,76,50,60.7,51,39,47.9,989.1,2.8,M,0
11/14/2017,80,49,63,48,34,41.9,987.53,3.6,M,0
11/15/2017,79,54,64.5,48,40,44.1,985.2,2.9,27.4,0
11/16/2017,80,55,66.8,50,42,45.8,984.98,3.5,356.6,0
11/17/2017,72,61,64.5,59,49,54.1,987.48,3.1,M,0.01
11/18/2017,78,53,65.4,58,19,33.5,989.48,6.1,53.5,0
11/19/2017,79,49,62.5,38,13,25.7,986.92,3.6,M,0
11/20/2017,76,49,60.8,39,23,31,986.66,3.9,11.4,0
11/21/2017,93,54,72.2,37,30,33.7,987.79,4.9,M,0
11/22/2017,94,62,75.6,43,37,38.7,987.85,5.5,54.2,0
11/23/2017,93,61,74.4,48,37,41.6,985.79,3.5,25.2,0
11/24/2017,87,57,70.3,47,40,42.8,983.26,3.6,16.3,0
11/25/2017,87,57,69.7,49,40,43.9,986.37,4,19.6,0
11/26/2017,81,52,63.8,55,40,48.1,987.22,3.3,333.3,0
11/27/2017,66,49,57.5,57,43,49.6,985.25,4.4,289,M
11/28/2017,76,50,62.9,44,26,33.6,984.99,4.2,M,0
11/29/2017,80,48,62.4,43,19,33.6,986.55,4.9,41.9,0
11/30/2017,78,47,60.4,48,29,38,986.85,2.3,7,0
12/1/2017,78,48,61.4,48,36,42,985.46,3.6,349,0
12/2/2017,79,47,61,49,40,44.8,985.41,3.8,356.5,0
12/3/2017,70,49,57.5,53,44,48.3,985.69,3.2,M,0
12/4/2017,64,49,57.7,48,7,17.6,985.67,14.2,31.6,0
12/5/2017,63,53,57.6,9,3,6.9,990.31,13.7,29.8,0
12/6/2017,73,49,65,14,1,8.3,991.64,11.2,28.6,0
12/7/2017,74,54,65.6,18,2,7.5,996.01,9.4,45.8,0
12/8/2017,79,49,63.5,24,12,16.9,995.89,5.7,56.3,0
12/9/2017,80,49,64.1,24,9,16.1,993.12,6.6,71.4,0
12/10/2017,80,52,67,18,7,12,991.79,7.1,58.3,0
12/11/2017,81,51,66.6,18,-1,9.8,992.36,6.3,52.4,0
12/12/2017,83,47,63.9,20,-4,7.1,990.3,6.3,53.5,0
12/13/2017,82,48,61.2,32,5,18.6,985.72,5.4,29.6,0
12/14/2017,80,43,65,24,13,17.1,986.58,8.3,32.7,0
12/15/2017,80,50,63.3,30,8,18.9,988.19,4,26.5,0
12/16/2017,68,47,56.2,50,23,35.6,977.94,4.9,2.6,0
12/17/2017,67,53,59.3,23,17,18.8,984.16,12.8,34.3,0
12/18/2017,71,45,56.8,36,16,25.2,990.42,3.9,31,0
12/19/2017,69,43,54,41,23,30.4,991.84,3.4,14.7,0
12/20/2017,62,42,51.3,47,32,40.5,988.74,5.8,324.1,0
12/21/2017,61,46,53.2,18,3,8.4,989.92,11,20.8,0
12/22/2017,66,37,50.6,20,4,11.2,994.03,3.6,56,0
12/23/2017,68,42,53.4,26,6,17.8,991.69,3.5,36.5,0
12/24/2017,76,45,57.1,32,5,21.4,989.71,3.6,16.6,0
12/25/2017,70,42,53.7,33,21,26.2,988.98,2.6,31.4,0
12/26/2017,69,40,53.2,33,21,27.6,989.56,3.2,29.1,0
12/27/2017,79,44,58.9,36,26,30.6,990.05,3.6,31.6,0
12/28/2017,84,44,62.3,33,25,29.2,989.61,3.9,52.9,0
12/29/2017,84,50,64.4,34,16,26.3,989.28,3.7,33.5,0
12/30/2017,77,46,59.2,42,23,30.4,988.41,3.5,4.4,0
12/31/2017,71,46,56.1,44,29,37.4,988.92,2.1,16.6,0
1/1/2018,75,44,56.5,46,30,37,990.42,3,23.7,0
1/2/2018,84,49,63.5,45,17,31.1,989.55,4.2,46.2,0
1/3/2018,76,54,64.4,40,25,29.7,987.97,2.9,39.5,0
1/4/2018,76,48,61.8,48,28,37.9,990.01,3.2,353,M
1/5/2018,74,52,61.8,57,45,51.5,991.55,2.7,356,M
1/6/2018,71,55,62.1,56,50,53.5,989.77,3.9,300.4,M
1/7/2018,75,50,62.2,52,44,49.5,987.55,2.6,27.1,M
1/8/2018,63,58,59.8,58,48,54,983.77,3.1,40.3,M
1/9/2018,59,51,54.5,57,50,52.6,978.65,4.7,46,M
1/10/2018,61,46,53.2,53,46,49.7,987.09,1.8,4.5,M
1/11/2018,72,45,56.9,53,45,49.1,992,M,M,M
1/12/2018,76,48,61.5,49,40,44.9,990.81,4.8,41.6,0
1/13/2018,80,51,65.7,44,27,35.3,990.7,8,61.3,0
1/14/2018,81,53,65.9,40,27,34.1,990.17,5.1,49.8,0
1/15/2018,75,50,60.6,46,33,39.8,989.25,2.7,358,0
1/16/2018,71,50,58.8,47,39,44,990.07,2.2,17.8,0
1/17/2018,81,50,64.3,45,33,40.1,990.26,5,49.8,0
1/18/2018,79,51,62.7,47,34,42.3,988.09,4.7,19.4,0
1/19/2018,65,48,55.6,53,45,49.9,984.73,5.3,325.6,M
1/20/2018,60,44,52.3,48,25,36.3,986.11,5.5,294.1,0.02
1/21/2018,61,38,49.5,35,23,29.8,993.97,4.1,49.3,0
1/22/2018,69,40,53.4,34,14,24.7,992.83,4.5,44.7,0
1/23/2018,75,42,58.1,29,22,26.6,990.7,5.8,M,0
1/24/2018,75,43,58,31,17,25.8,988.78,3.6,32.8,0
1/25/2018,60,40,50,49,30,39.4,987.86,5.2,331.8,0
1/26/2018,68,42,53.7,44,19,29.8,991.54,5.2,56.7,0
1/27/2018,71,39,58.8,28,11,19.2,992.31,7.3,M,0
1/28/2018,81,63,72.4,28,21,25.5,991.93,12.8,35,0
1/29/2018,84,62,72.5,33,23,26.1,990.39,7.3,53.7,0
1/30/2018,81,54,65,37,23,30.2,987.26,3.3,M,M
1/31/2018,81,50,62.6,39,24,32.9,984.86,4.8,M,0
2/1/2018,82,48,64.7,39,27,34.4,986.26,4.4,18.2,0
2/2/2018,85,53,66,40,24,33.4,988.48,3.9,28.5,0
2/3/2018,84,51,66.3,43,33,37.3,988.02,5,M,0
2/4/2018,86,51,66.2,44,26,38,986.9,M,M,0
2/5/2018,80,52,64.2,52,32,42,984.32,M,M,0
2/6/2018,82,46,61.1,51,39,45.9,986.08,3.3,338.6,M
2/7/2018,83,50,67.1,40,15,23.4,991.67,6.3,60,0
2/8/2018,85,50,65.7,33,20,25.8,988.62,3.8,M,0
2/9/2018,80,50,63.2,51,28,37.8,984.7,4.5,M,0
2/10/2018,63,51,55.5,52,48,50.2,982.51,2.6,M,M
2/11/2018,74,49,61.3,48,2,25.8,981.95,8.5,M,0
2/12/2018,63,50,54.6,50,37,43.1,981.55,6.2,289.9,M
2/13/2018,65,43,54.5,43,31,38.1,989.1,3.8,27.8,0
2/14/2018,68,49,57.8,47,40,42.8,988.81,2.9,M,0.01
2/15/2018,72,50,61.5,47,16,34,989.04,6.8,26.7,0
2/16/2018,73,48,61.3,29,9,18,989.98,5.1,M,0
2/17/2018,78,44,59.6,37,16,25.9,988.55,4.3,356.4,0
2/18/2018,69,46,56.1,48,33,39.1,983.73,5.4,329.3,0
2/19/2018,57,39,49.7,45,11,26.7,981.87,10.6,255.8,M
2/20/2018,59,34,46,24,3,14.9,989.25,4.4,M,0
2/21/2018,57,39,47.8,34,18,25.2,989.82,5.9,247.2,0
2/22/2018,59,38,47.9,42,31,35.6,991.95,6.2,M,0.01
2/23/2018,57,42,49.2,42,12,27.2,991.61,5.6,318.7,M
2/24/2018,62,37,49.8,32,9,19.9,994.19,5.6,M,0
2/25/2018,68,39,53.2,32,14,24.7,991.04,4.7,M,0
2/26/2018,66,41,52.4,44,21,30,984.86,7.1,336.6,M
2/27/2018,53,40,46.3,45,30,37,984.8,4.2,M,0.84
2/28/2018,60,38,48.3,41,32,37.4,991.59,3.1,M,0
3/1/2018,63,42,51,43,36,39.6,990.94,3.6,M,0
3/2/2018,59,45,52.4,52,41,46.3,988.14,3.4,M,M
3/3/2018,57,46,52.6,50,40,46.1,987.41,6.5,279.3,M
3/4/2018,63,40,51,43,24,34.5,990.78,3.7,M,0
3/5/2018,71,43,59,32,5,14.5,989.83,7.3,54.1,0
3/6/2018,79,50,63.8,28,7,14.2,987.54,5.3,37.6,0
3/7/2018,72,47,59.4,40,18,28.1,986.97,2,9.1,0
3/8/2018,76,48,60.8,39,25,33.7,986.9,3.1,334.4,0
3/9/2018,74,48,60,54,35,44.6,984.84,4,M,0
3/10/2018,61,54,56.4,57,52,55.1,984.82,2.1,348.6,M
3/11/2018,71,56,61.4,56,54,55.2,987.8,3.7,M,M
3/12/2018,76,55,63.8,56,52,54.9,987.69,4.6,324.1,M
3/13/2018,72,55,61.3,61,53,56.5,986.72,5.4,286.4,M
3/14/2018,64,53,57.9,57,42,48.7,985.43,9.4,260.7,M
3/15/2018,63,49,55,51,35,43.4,984.88,6.9,277.6,M
3/16/2018,61,45,52.2,48,37,42,985.87,6.1,319.9,M
3/17/2018,60,45,52.2,49,33,41,985.8,8.3,244.4,M
3/18/2018,63,42,52.3,42,34,39.4,989.1,4.2,M,0
3/19/2018,74,45,59.4,42,20,32.8,987.42,3.7,M,0
3/20/2018,75,52,62.2,44,26,36.1,985.56,4.7,349.2,0
3/21/2018,70,52,62,53,39,46,985.83,2.1,5.8,0
3/22/2018,63,55,59.4,58,54,56,986.91,3.8,341.9,M
3/23/2018,70,53,60.3,55,48,52.3,988.4,4.3,314,M
3/24/2018,65,50,56,52,41,45.9,986.21,5.6,M,M
3/25/2018,63,47,53.9,44,36,40.7,985.56,3.5,M,0
3/26/2018,70,42,55.9,40,5,28.1,985.76,5.9,M,0
3/27/2018,75,46,62.2,36,14,22.8,988.72,8.8,M,0
3/28/2018,79,48,62.8,44,30,36.6,988.49,5.3,325.4,0
3/29/2018,82,50,65.6,47,38,42.6,986.91,4.4,338.5,0
3/30/2018,89,53,68.9,51,40,46.8,986.93,4.3,335.6,0
3/31/2018,82,54,66.9,50,38,45.4,985.82,5,M,0
4/1/2018,76,53,61.4,51,39,48.9,982.62,5.2,M,M
4/2/2018,67,53,58.3,52,47,49.4,981.62,4.3,307.4,M
4/3/2018,75,55,62.2,52,47,50.1,984.43,4.8,M,0
4/4/2018,75,52,61.4,53,48,51.1,986.56,4.8,312.6,0
4/5/2018,75,53,61.6,54,48,51.6,986,4.5,M,M
4/6/2018,74,53,62.3,52,48,50.1,984.73,4.3,M,0
4/7/2018,77,55,64.9,59,51,55.1,984.21,5.2,M,M
4/8/2018,81,59,66.9,56,47,51.9,983.71,5.5,M,M
4/9/2018,96,55,76.5,49,14,33.2,984.14,5.3,31.6,0
4/10/2018,94,61,76,41,23,33.3,985.6,6.3,332.3,0
4/11/2018,84,55,68.3,53,34,43.9,984.01,5,M,0
4/12/2018,72,54,61.3,51,14,33.3,986.24,7.4,M,M
4/13/2018,80,57,69,18,8,11.9,991.44,10.2,26.8,0
4/14/2018,86,52,69.5,29,9,19,990.84,5.9,12.2,0
4/15/2018,81,53,66.3,45,15,29.2,984.97,6.2,316.9,0
4/16/2018,67,49,57.4,48,30,41.3,986.32,10.1,265.7,0
4/17/2018,73,44,58.4,39,17,29.4,988.92,4.3,M,0
4/18/2018,76,48,61.2,43,19,31.9,986.1,7.4,314.7,0
4/19/2018,61,47,53.5,45,37,40.9,986.46,5.7,306.7,0
4/20/2018,79,45,59.7,45,37,41.8,988.7,4.3,M,0
4/21/2018,90,50,70.1,45,25,38.6,986.12,4.8,317.8,0
4/22/2018,88,56,71.6,45,32,38.8,983.46,6.1,323.5,0
4/23/2018,86,55,69.8,49,39,43.3,985.03,5.4,312.2,0
4/24/2018,85,53,67.7,50,26,40.6,985.59,5,M,0
4/25/2018,81,52,65.9,50,37,45.7,986.85,6.1,298.7,0
4/26/2018,79,52,63,51,41,47.5,985.5,6.5,M,0
4/27/2018,77,52,61.1,50,38,47.4,985.25,5.4,300.5,M
4/28/2018,75,50,61.7,50,45,47.4,983.46,5.3,M,0
4/29/2018,71,54,60.8,50,46,47.7,984.17,5.9,M,M
4/30/2018,66,55,59.6,51,45,48.6,983.7,6.9,294,M
5/1/2018,55,52,53.7,51,43,46.8,982.33,3.6,10.7,M
5/2/2018,63,50,55,51,46,48.8,986.75,4.6,318,0.1
5/3/2018,80,50,63.6,50,44,47.4,990.22,4.1,M,M
5/4/2018,93,53,74.1,49,23,39.4,988.8,5.7,M,0
5/5/2018,96,57,77.5,44,27,36.9,984.4,6.7,M,0
5/6/2018,92,61,74,46,25,40.4,984.75,M,M,0
5/7/2018,88,56,71.1,49,26,41.1,986.15,5.6,319.9,0
5/8/2018,86,57,70.9,53,39,44.2,984.82,5.8,299.3,0
5/9/2018,87,57,69.7,54,51,52.6,982.93,4.9,M,0
5/10/2018,83,57,67.9,55,52,54,980.63,6.2,M,M
5/11/2018,67,57,61,56,49,52.6,980.68,6.1,M,M
5/12/2018,65,53,58.9,52,48,49.9,984.25,5.3,M,0.02
5/13/2018,71,55,61.7,50,46,48.7,985.55,6.2,M,M
5/14/2018,75,52,62.7,51,48,49.4,984.64,6.5,M,0
5/15/2018,77,52,62.9,50,46,48.8,986.08,5.1,305.3,0
5/16/2018,79,52,64.5,48,44,46.2,985.33,M,M,0
5/17/2018,76,53,62.8,49,45,47.8,984.14,M,M,0
5/18/2018,74,56,62.4,51,48,49.3,983.51,6.6,M,M
5/19/2018,73,58,62.5,55,51,52.3,982.81,5.1,M,0
5/20/2018,72,59,63.5,56,53,54,982.53,6.3,292,M
5/21/2018,67,57,60.5,57,51,53.4,981.38,6.7,M,M
5/22/2018,70,57,61.6,52,49,50.4,982.58,6,M,0
5/23/2018,73,57,62.8,53,51,52.1,984.49,5.6,M,M
5/24/2018,70,58,61.8,55,52,53.1,987.65,6.3,M,M
5/25/2018,72,57,62.8,53,44,48.7,988.15,8.5,274.6,M
5/26/2018,69,55,61.7,51,47,49,985.4,5,303.4,0
5/27/2018,80,54,63.7,54,48,51.2,983.52,5.3,303.6,M
5/28/2018,85,54,66.9,55,52,53.8,982.94,6.1,M,M
5/29/2018,85,59,66.9,57,56,56.1,980.56,6.2,298.4,0
5/30/2018,76,60,64.2,59,55,56.1,981.2,6.1,285,M
5/31/2018,76,58,64.9,56,51,53.2,982.84,6.9,279.7,0
6/1/2018,M,M,M,M,M,M,M,M,M,M
6/2/2018,M,M,M,M,M,M,M,M,M,0
6/3/2018,M,M,M,M,M,M,M,M,M,0
6/4/2018,M,M,M,M,M,M,M,M,M,0
6/5/2018,M,M,M,M,M,M,M,M,M,M
6/6/2018,M,M,M,M,M,M,M,M,M,M
6/7/2018,M,M,M,M,M,M,983.25,M,M,M
6/8/2018,92,58,74.3,53,39,49.7,982.67,5.4,308.4,0
6/9/2018,89,61,74.1,56,43,50.3,982.22,6.1,M,0
6/10/2018,88,60,72.9,56,39,52.1,980.9,5.7,M,0
6/11/2018,92,63,76.8,54,46,51.3,979.18,5.6,312.4,0
6/12/2018,96,63,77.9,58,44,52,979.58,5.6,308,0
6/13/2018,96,62,77.9,59,34,50.7,979.58,6.3,M,0
6/14/2018,96,62,76.5,58,37,52.7,979.37,5.9,304.4,0
6/15/2018,92,62,74.6,58,46,55.4,978.3,5.8,304.9,0
6/16/2018,76,60,66.6,57,51,53.6,979.87,7.6,287.4,M
6/17/2018,73,59,64.4,52,46,49.4,983.65,7.4,M,M
6/18/2018,79,59,66.8,53,49,51.4,985.15,7.8,M,M
6/19/2018,86,56,69.6,57,52,54.1,984.02,5.8,M,0
6/20/2018,92,60,72.2,58,55,57,982.89,5.6,M,0
6/21/2018,91,60,72.3,60,57,58.6,983.08,5.8,289.9,M
6/22/2018,94,63,74.8,61,55,58.9,981.02,6.6,279.2,M
6/23/2018,82,60,69.2,61,56,58.5,980.44,6.7,294.3,0
6/24/2018,86,59,69.6,57,52,55.6,982.93,7.1,284.5,0
6/25/2018,90,57,72.1,57,50,54.8,983.78,6.2,M,0
6/26/2018,93,59,73.3,58,46,53.3,984,5.8,292.4,0
6/27/2018,91,62,75.2,57,43,52.2,983.28,6.1,M,0
6/28/2018,88,59,70.9,59,48,55.6,982.43,7,M,M
6/29/2018,84,59,69.1,57,51,54.8,982.78,6.6,M,M
6/30/2018,86,61,70.1,57,55,56.1,983.96,6.2,297.1,M
7/1/2018,88,59,72.2,57,40,53.4,985.19,7.1,M,M
7/2/2018,88,60,73,59,50,55.8,983.74,7.3,M,0
7/3/2018,86,63,71.8,59,55,57.4,983.48,7.3,M,M
7/4/2018,93,58,73.8,57,48,55.2,985.69,5.8,M,0
7/5/2018,102,61,82,57,32,47.9,986.19,4.3,318.8,0
7/6/2018,117,70,95.8,49,31,41.4,981.85,5.9,348.4,0
7/7/2018,111,79,94.6,61,45,52.5,980.93,5.3,M,M
7/8/2018,104,76,88.6,61,41,52,982.15,5.5,310.5,0
7/9/2018,100,76,85.6,59,52,55.8,983.95,5.4,311.9,0
7/10/2018,99,76,83.7,63,52,57.2,984.04,6.2,M,0
7/11/2018,97,73,82,61,50,55.5,982.43,5.1,M,0
7/12/2018,97,72,81.3,63,57,60.3,984.16,7.5,M,0
7/13/2018,99,69,81.3,63,58,61.5,985.46,6.7,299.5,0
7/14/2018,99,69,81.9,62,57,59.9,984.48,5.8,M,0
7/15/2018,97,70,80.7,62,50,58.4,983.82,5.9,M,0
7/16/2018,95,67,78.8,64,56,61.4,984.3,6.2,292.6,0
7/17/2018,96,67,78.3,64,62,63.4,984.47,7.5,M,0
7/18/2018,94,68,77.5,66,63,64.7,985.19,6.4,284.7,M
7/19/2018,96,69,79.9,66,61,63.7,983.98,6.7,303.3,0
7/20/2018,90,69,78.6,64,56,61,983.84,8.3,281.1,0
7/21/2018,94,67,78.8,60,44,56.2,985.2,7.4,277.6,0
7/22/2018,99,68,82.4,60,55,57.4,986.01,5.6,313.1,0
7/23/2018,105,72,86.6,61,55,58.8,983.04,5.4,310.9,0
7/24/2018,106,74,87.8,62,56,59.8,982.84,5.2,317.8,0
7/25/2018,104,74,86.3,65,59,62.5,983.7,5.8,M,0
7/26/2018,100,71,82.6,66,58,64.1,983.46,5.9,290.5,0
7/27/2018,101,68,82.9,65,54,61.9,981.83,6.5,288.9,0
7/28/2018,96,67,78.7,66,60,63.7,983.36,6.6,M,0
7/29/2018,101,71,82.5,64,55,61,984.52,5.7,M,0
7/30/2018,99,74,85,65,47,56.8,983.64,5.3,317.1,0
7/31/2018,101,73,84.7,58,53,54.6,983.55,5.9,M,0
8/1/2018,101,73,84.5,60,49,55.2,983.34,6.4,M,0
8/2/2018,97,75,83.6,60,53,58,982.76,6.9,287.4,0
8/3/2018,99,73,84.3,62,51,56.4,982.25,5.1,306.7,0
8/4/2018,98,69,82.4,62,53,57.8,981.04,4.7,308.4,0
8/5/2018,99,68,82.7,63,46,56.2,980.91,4.7,316.9,0
8/6/2018,105,69,85.9,59,35,54.1,979.93,4.4,319.3,0
8/7/2018,103,74,87.9,59,45,53.8,979,6,299.2,0
8/8/2018,96,69,82.4,61,47,55.2,983.09,3.9,M,0
8/9/2018,103,70,84.7,61,53,58.6,983.48,5.6,332.5,0
8/10/2018,95,75,83.5,62,49,56,985.54,6,304.3,0
8/11/2018,94,71,81.1,66,49,58.4,985.12,5.8,308.7,0
8/12/2018,93,72,80.3,67,55,61,984.62,6.1,292.1,0
8/13/2018,93,68,78.1,59,46,54.6,984.12,6.1,292.5,0
8/14/2018,91,67,77,62,43,55.8,982.2,6.5,M,0
8/15/2018,92,66,77,63,59,62,982.83,6.4,300.6,0
8/16/2018,93,68,78.2,66,63,64.6,985.82,7.1,M,0
8/17/2018,94,70,79.7,67,63,65.3,986.93,6.6,296,0
8/18/2018,95,69,79.4,66,58,63.2,986.25,6,M,0
8/19/2018,95,69,79.3,63,60,62.1,982.94,5.1,M,0
8/20/2018,92,69,77.4,66,61,64.2,983.05,6.6,283.8,0
8/21/2018,91,66,76.8,65,60,63.4,984.25,6.5,M,M
8/22/2018,93,67,77.2,65,49,60.2,985.62,6,299.3,0
8/23/2018,92,65,76.6,64,54,60.1,985.22,5.8,299.3,M
8/24/2018,89,64,73.9,63,54,59.9,983.44,6.2,282.4,M
8/25/2018,89,64,73.6,63,55,60,983.77,5.9,284.7,M
8/26/2018,89,64,72.9,62,54,59.8,984.72,5.1,301.2,M
8/27/2018,88,63,72.1,61,53,58.7,983.53,4.9,M,M
8/28/2018,88,62,73.3,61,51,57.1,983.48,4.1,303.6,M
8/29/2018,92,64,76.8,61,46,55.6,983.97,4.6,318.6,0
8/30/2018,95,64,77.6,58,28,47.2,983.85,4.3,M,0
8/31/2018,92,62,75.7,59,43,52.7,980.86,4.7,322.9,0
9/1/2018,86,63,72.4,61,57,59.7,979.5,7.2,M,0
9/2/2018,84,64,70.7,62,60,60.8,981.29,6,M,M
9/3/2018,87,66,73.1,62,60,61.2,981.77,6.8,279.4,M
9/4/2018,88,66,73.1,63,61,62,981.77,5.8,M,M
9/5/2018,89,63,72.2,63,59,60.5,984.65,5.5,M,M
9/6/2018,89,62,73.5,61,59,59.5,985.78,5.1,M,0
9/7/2018,97,63,77.5,62,54,59.3,983.98,4.4,308.8,0
9/8/2018,103,65,82.2,61,48,56.6,981.16,4.1,325,0
9/9/2018,101,66,80.7,60,41,52.8,980.38,5,331,0
9/10/2018,94,61,73.1,63,50,59.2,980.94,5.6,M,M
9/11/2018,89,61,72,61,45,57.7,980.93,5.1,M,0
9/12/2018,89,62,72.2,61,50,57.5,981.81,4.7,305.8,M
9/13/2018,94,61,76.3,58,40,53.4,982.05,4.2,M,0
9/14/2018,97,62,79.4,57,33,45,979.95,4.7,334.5,0
9/15/2018,94,63,77,51,28,42.5,980.52,4.4,327.4,0
9/16/2018,93,62,76.3,53,27,45.3,982.14,4.1,M,0
9/17/2018,93,62,75.3,52,32,44.5,982.06,5,M,0
9/18/2018,91,57,72.8,54,28,43.4,980.98,4.9,311.1,0
9/19/2018,89,58,72,57,34,50.5,978.45,3.7,M,0
9/20/2018,89,61,72,60,52,56.5,980.78,5.3,304.5,0
9/21/2018,90,61,74.5,60,56,58.4,984.5,4.3,316.1,0
9/22/2018,98,64,77.8,60,41,53.1,983.03,4.2,M,0
9/23/2018,88,64,73.8,58,45,53.7,981.43,5.3,M,0
9/24/2018,82,59,68,58,55,57.3,981.71,6.2,M,M
9/25/2018,82,61,68.6,59,56,57.9,983.17,3.5,M,M
9/26/2018,94,59,73.7,61,55,58.4,983.86,5.1,304.3,0
9/27/2018,100,63,77.6,62,47,57.6,981.97,4.7,315.5,0
9/28/2018,90,62,73.2,63,56,60.3,981.68,5.3,303.3,M
9/29/2018,87,63,71.2,61,49,56.2,982.3,4.1,M,M
9/30/2018,93,61,76.3,58,40,52.1,981.42,5.4,321.2,0
10/1/2018,91,66,80,64,48,55,980.15,3.5,M,0
10/2/2018,83,67,75.3,64,42,55.6,981.45,5.4,302.6,0
10/3/2018,78,64,69.6,63,51,55.8,983.74,5.2,M,M
10/4/2018,78,63,68,63,55,58.9,984.8,5.3,302.9,M
10/5/2018,79,62,68.4,59,55,57.4,983.72,4.1,314.5,M
10/6/2018,73,59,64.8,57,55,56.4,979.48,2.5,M,M
10/7/2018,78,57,66,58,51,55.6,978.88,4.7,324,M
10/8/2018,80,57,66.5,58,45,54.8,980.01,5.2,M,M
10/9/2018,78,57,65.4,57,46,53.4,980.5,4.7,316.6,M
10/10/2018,76,58,65.2,55,50,52.5,980.55,5.5,298.1,M
10/11/2018,75,59,65.5,52,44,48.4,980.21,3.9,M,0
10/12/2018,87,55,68.5,60,40,50.2,979.08,6.4,10.3,0.63
10/13/2018,63,60,61.4,60,55,57.9,981.92,4.8,285.1,M
10/14/2018,73,60,64.9,57,53,55.8,984.07,3.2,311.1,M
10/15/2018,75,60,67.9,M,M,M,987.6,12.4,20.4,0
10/16/2018,80,54,68.1,31,7,14.5,986.93,7.9,37.6,0
10/17/2018,84,53,67.5,43,25,32.5,987.45,4.6,M,M
10/18/2018,87,53,69.7,42,27,35.5,987.27,3.5,M,M
10/19/2018,87,56,71,39,21,31.7,985.95,5.4,M,0
10/20/2018,89,57,72.5,43,32,36,983.82,3.3,M,0
10/21/2018,83,58,68.9,53,36,44.4,982.63,4.1,341.2,0
10/22/2018,80,54,64.7,57,49,54.3,982.23,3.6,311.7,M
10/23/2018,81,56,67.2,58,54,55.6,982.18,3.8,322.7,M
10/24/2018,84,56,68.1,57,52,54.6,984.05,3.6,327.7,0
10/25/2018,84,56,68.3,57,46,52.6,985.91,3,343.2,0
10/26/2018,92,56,71.7,56,35,48.9,986.17,4,20.6,0
10/27/2018,92,57,72.6,54,34,45.8,985.68,3.6,2.3,0
10/28/2018,87,57,69.7,51,34,45.4,985.87,2.3,352,0
10/29/2018,82,55,66.8,57,38,49.3,984.57,3.9,329,0
10/30/2018,80,56,64.9,57,16,50,983.11,5.4,M,M
10/31/2018,81,59,70.9,33,4,13.9,986.65,9.4,24.2,0
11/1/2018,85,57,71.2,39,18,27.9,987.45,5.6,M,0
11/2/2018,89,58,72.2,44,32,38,987.15,5.2,5.8,0
11/3/2018,89,56,71.6,45,33,39.9,984.77,4.7,356.5,0
11/4/2018,86,59,70.1,48,28,38.2,984.03,3.8,352.7,0
11/5/2018,81,53,65,57,36,46.4,981.8,3.4,346.8,0
11/6/2018,77,56,63.2,56,52,53.7,983.87,3.3,311.2,M
11/7/2018,72,56,61.1,56,52,54.1,984.93,2.3,330.3,M
11/8/2018,79,54,66.3,56,-2,24,985.57,9.2,16.6,M
11/9/2018,76,51,65.7,15,-7,0.4,987.6,9.6,35.7,0
11/10/2018,78,46,59.9,29,0,14.2,984.94,4,9.6,0
11/11/2018,74,44,60.9,27,-13,4.6,988.3,9.2,37.9,0
11/12/2018,75,45,61.5,11,-6,1,994.71,8.2,58.7,0
11/13/2018,75,49,60.8,14,-3,6.6,996.95,5.7,M,0
11/14/2018,79,51,63.8,21,2,11.2,993,5.5,M,0
11/15/2018,80,47,62.9,25,9,17.6,988.13,4.5,24.6,0
11/16/2018,77,50,61.4,37,20,27,985.88,4.4,359.4,0
11/17/2018,73,46,58.7,44,28,36.2,986.96,2.9,357.2,0
11/18/2018,78,48,61.5,43,26,35.4,987.36,3.8,24.5,0
11/19/2018,78,50,61.9,42,20,29.7,986.92,4.1,40.9,0
11/20/2018,73,46,59.2,47,28,36.9,986.65,4.1,4.1,0
11/21/2018,71,47,58.6,49,39,43.2,989.56,3.6,18.5,0
11/22/2018,65,52,58.2,55,46,51.2,990.95,3.2,335.7,M
11/23/2018,65,48,56.6,52,46,49,989.65,2.3,354.3,M
11/24/2018,68,48,57.4,54,45,49.8,984.02,2.3,M,0
11/25/2018,76,47,62,50,30,40.1,986.07,5.2,44.7,0
11/26/2018,77,55,65,31,10,18.7,989.32,7.1,56.4,0
11/27/2018,77,50,61.3,39,17,29.6,987.32,4.6,17.7,0
11/28/2018,69,46,57.8,51,35,43.2,983.68,4.1,7,0
11/29/2018,59,50,54.6,55,45,51.1,979.75,6.7,195.3,M
11/30/2018,63,51,56.1,52,45,48.1,983.2,3.3,336.4,M
12/1/2018,62,45,52.8,47,39,43.5,984.22,3.5,345.1,0
12/2/2018,62,43,51.7,45,27,36.3,986.27,2.8,30.5,0
12/3/2018,67,44,54.4,38,21,29.9,989.79,3.6,50.1,0
12/4/2018,69,47,57,29,11,19.4,986.87,6.9,76,0
12/5/2018,53,42,48.6,48,25,39.6,983.73,3.2,49.6,0.21
12/6/2018,55,49,51.6,51,45,47.9,983.05,5,57.1,M
12/7/2018,65,51,57.7,45,41,42.2,988.42,7.8,41.8,0
12/8/2018,73,44,56.9,49,40,43,993.87,2.6,42.5,0
12/9/2018,72,48,58.7,44,38,41.2,993.33,4.2,59.8,0
12/10/2018,67,51,57.3,48,39,43.3,988.15,1.7,0.7,0
12/11/2018,70,49,57.2,49,32,42.1,986.75,3.5,4.2,0
12/12/2018,65,44,53.6,51,40,45.3,989.86,3.2,4.3,0
12/13/2018,76,42,58.5,46,17,30,992.97,5.5,60.2,0
12/14/2018,68,49,56.7,33,23,29.6,991.09,3.1,47.4,0
12/15/2018,75,47,58.5,35,17,28.7,988.51,3.5,27.3,0
12/16/2018,73,42,55.6,47,26,36.3,989.96,2.8,335.9,0
12/17/2018,64,49,56.3,53,46,49.2,991.4,2.6,M,M
12/18/2018,66,48,56.4,52,46,48.9,991.88,1.8,338,M
12/19/2018,74,46,58.8,47,40,43.4,990.88,3.6,M,0
12/20/2018,79,46,60.4,45,30,37.2,988.71,2.9,23.6,0
12/21/2018,71,49,57.7,45,35,39.6,985.66,2.7,23.7,0
12/22/2018,70,45,55.3,45,37,40.3,987.58,3.6,15.4,0
12/23/2018,69,43,54.8,50,35,42.1,989.49,2.3,347.1,0
12/24/2018,69,44,54.6,51,39,44.8,985.79,4.1,354.6,M
12/25/2018,62,47,54.8,51,36,44.3,979.72,6.1,249.6,0
12/26/2018,64,43,52.6,46,34,39.6,985.4,3.9,M,0
12/27/2018,62,42,52.1,42,11,31.7,983.6,4.9,M,0
12/28/2018,56,46,50.9,14,7,10,989.26,9.1,M,0
12/29/2018,62,46,54.5,20,3,8.5,993.69,8.1,M,0
12/30/2018,63,39,50.2,43,20,28.2,987.1,2.9,M,0
12/31/2018,M,M,M,M,M,M,M,M,M,M
1/1/2019,54,43,48.2,7,0,3.3,989.61,9.7,M,0
1/2/2019,63,41,52,31,-3,9.5,991.8,8,12.2,0
1/3/2019,68,38,51.2,21,10,15.9,991,3.9,42.2,0
1/4/2019,68,36,51.6,39,15,26,986.4,4,26.9,0
1/5/2019,56,43,49.2,46,26,34.7,984.96,2.7,15.9,0.19
1/6/2019,58,47,50.8,47,39,44.4,989.12,3.1,327.2,0.02
1/7/2019,60,49,53.9,49,42,45.1,992.96,1,11.4,0
1/8/2019,71,48,58.7,44,39,41.7,989.62,4.1,36,0
1/9/2019,68,46,54.9,51,36,43.8,989.87,3.7,343,0
1/10/2019,66,44,53,50,41,45.2,989.65,2.3,352,0
1/11/2019,68,44,53.5,49,36,44.6,987.45,2.4,22.1,0
1/12/2019,57,47,50.9,48,41,45.6,986.88,3.5,38.3,0.38
1/13/2019,63,40,51.6,46,37,40.9,987.63,3.5,M,0
1/14/2019,55,48,51.2,49,39,44.6,986.12,3.5,28.3,0.35
1/15/2019,57,48,51.6,51,43,47.6,987.55,4.4,52.8,0.53
1/16/2019,62,53,56.7,57,51,54.6,991.25,2.7,15.6,0.47
1/17/2019,61,54,57.8,59,52,55.5,990.95,4.7,213.9,0.56
1/18/2019,63,51,55.9,53,47,50.2,993.74,2.2,7.4,0
1/19/2019,77,48,61.1,47,38,42.5,992.9,5.7,61.2,0
1/20/2019,72,48,58.6,52,42,45.8,987.62,3.6,1.4,0
1/21/2019,61,46,53.7,51,28,36.8,987.08,7.8,248.5,0
1/22/2019,63,51,56.2,27,3,11.6,993.84,12.4,28.3,0
1/23/2019,68,43,54.5,32,9,20.3,994.42,2.9,18.8,0
1/24/2019,74,45,61.3,32,22,25.5,990.41,8.8,55,0
1/25/2019,76,45,62.6,31,16,23.7,990.35,8.7,38.3,0
1/26/2019,78,57,68.9,28,14,18.4,992.41,10.4,22.4,0
1/27/2019,76,50,60.9,37,29,33,989.14,4.7,7.8,0
1/28/2019,73,46,58.9,44,37,39.4,985.41,2.7,28.8,0
1/29/2019,71,53,60.9,49,41,44.7,982.9,2.9,328.1,0
1/30/2019,67,52,57.1,52,48,50.5,983.11,2.8,326.8,0
1/31/2019,60,47,52.5,53,46,49.5,984.33,3.8,28.5,0.34
2/1/2019,61,42,53,50,42,46.7,985.24,3.7,3.4,0.02
2/2/2019,58,49,52.8,52,48,50.4,981.21,6.7,32.8,0.93
2/3/2019,55,45,50.8,51,44,47.9,982.63,3.4,34,0.23
2/4/2019,55,48,50.7,50,44,47.6,980.9,5.1,219.1,0.49
2/5/2019,52,42,47.6,46,33,40.6,982.97,7.7,253.2,0.21
2/6/2019,54,34,43.7,36,23,30,988.99,3.9,337,0
2/7/2019,60,34,47,31,21,26.9,992.99,5.4,61.6,0
2/8/2019,60,36,47.7,40,24,32.5,988.65,3.7,348.8,0
2/9/2019,57,41,48.1,46,38,41,986.72,4.3,333.8,0.14
2/10/2019,53,41,46.6,46,36,41.7,986.69,5.4,282.4,0.12
2/11/2019,60,34,46.3,31,20,26.5,990.5,2.8,25.2,0
2/12/2019,66,36,51.4,29,20,25.7,988.82,3.2,40.7,0
2/13/2019,58,48,51.7,50,29,39.1,984.81,4.4,47.2,0.06
2/14/2019,60,48,53.6,58,46,51.2,981.33,6.7,33.4,2.68
2/15/2019,58,47,51.8,48,41,45.4,988.29,5.8,292.3,0.09
2/16/2019,57,43,50.1,46,32,40.1,988.68,6.3,275.4,0
2/17/2019,53,39,46.5,43,33,38.1,986.17,6,306.9,0.02
2/18/2019,57,35,44.5,37,18,29.7,986.62,3.4,2.6,0
2/19/2019,56,37,46.7,35,14,23.9,989.15,5.5,325,0
2/20/2019,52,36,44.4,42,31,34.6,982.7,2.3,27.7,0.05
2/21/2019,53,36,43.6,42,30,37,974.15,4.8,337,0.35
2/22/2019,58,36,47.4,34,16,24.8,985.61,6.4,357,0
2/23/2019,60,35,47.9,34,20,28.3,994.59,4,2.8,0
2/24/2019,66,39,52.1,38,26,33,990.06,3.6,4.5,0
2/25/2019,66,44,54.3,43,33,38.5,987.82,3.9,344,0
2/26/2019,67,43,55.1,48,39,43.4,988.12,4.7,324.7,0
2/27/2019,64,47,55.1,48,42,45.5,990.25,3,319.8,0
2/28/2019,67,53,58.5,54,48,51.6,989.4,4.1,M,0
3/1/2019,65,55,58.9,53,49,51.3,987.78,3.5,291.1,0
3/2/2019,63,54,57.3,57,50,54.4,986.57,4.2,308.8,0.63
3/3/2019,63,52,56.3,55,49,51.5,988.27,5.5,289.7,0
3/4/2019,61,48,54.4,49,43,46.7,987.85,2.8,314.2,0
3/5/2019,69,43,55.9,49,39,45,985.49,5.5,7.1,0
3/6/2019,62,51,55.9,55,48,52.1,984.86,4.2,M,0.69
3/7/2019,61,49,54.6,52,40,47.5,986.19,7,275.8,0.02
3/8/2019,59,45,50.2,44,34,39.9,986.14,8.3,235.3,0.04
3/9/2019,59,42,49.9,41,35,39.1,985.66,4.9,311.4,0
3/10/2019,58,43,49.8,43,34,40,983.95,3.7,321.4,0
3/11/2019,63,42,53.3,46,32,38.7,981.16,6.9,33.8,0.01
3/12/2019,67,49,56.3,48,35,44.7,978.31,6.5,M,0.04
3/13/2019,64,48,55.1,47,33,41.6,985.79,4.6,300.7,0
3/14/2019,67,53,58.5,20,10,13,991.75,11.3,M,0
3/15/2019,73,43,59.3,28,17,21.9,988.73,7.2,31.1,0
3/16/2019,79,49,64.4,37,22,27.3,986.52,5.2,M,0
3/17/2019,83,46,66,44,32,37.5,985.77,4.3,M,0
3/18/2019,81,52,65.2,46,39,42.4,984.81,4.5,338.4,0
3/19/2019,72,52,60.2,52,42,47.5,984.46,5,339.7,0
3/20/2019,62,50,54.2,51,43,46.8,987.04,2.6,34.9,M
3/21/2019,57,46,51.6,47,43,45,989.65,4.1,312.8,M
3/22/2019,65,48,55.2,48,42,45,990.77,3.5,M,0
3/23/2019,65,47,55,51,43,46.8,990.49,3.7,323.2,0
3/24/2019,71,49,59,51,44,48.1,990.79,2.6,329.8,0
3/25/2019,78,46,61.6,50,23,44.3,988.77,4.3,337.7,0
3/26/2019,74,48,59.9,48,42,45,985.99,3.3,325,0
3/27/2019,70,50,58.5,53,36,48.4,987.95,4.7,309.3,0
3/28/2019,69,52,58.6,52,42,46.5,991.53,4.6,M,0
3/29/2019,70,46,58.3,46,40,42.6,990.17,4.8,296.6,0
3/30/2019,80,47,64.5,41,24,35.9,987,4.6,M,0
3/31/2019,83,52,67.5,40,23,32.8,986.25,5,33.2,0
4/1/2019,83,56,68,39,26,35.5,983.9,5,7.6,0
4/2/2019,72,50,61,52,40,44.5,983.57,6.3,303.9,0
4/3/2019,67,54,58.8,52,47,49.4,987.26,5.2,295.3,0.01
4/4/2019,68,52,57.8,51,45,47.1,987.39,5.8,M,0
4/5/2019,66,53,58,50,42,46.5,986.33,6.4,280.3,0
4/6/2019,72,53,60.2,50,46,48.9,988.61,3.5,330.3,0
4/7/2019,84,51,66.5,54,41,49.1,989.72,3.6,330.9,0
4/8/2019,89,57,72.5,53,39,48.4,987.49,4.8,343.2,0
4/9/2019,78,57,66.6,54,22,44.3,984.11,7.4,298.5,0
4/10/2019,76,51,63.1,36,19,27.5,987.16,5.7,M,0
4/11/2019,73,48,60.5,46,30,36.6,983.75,4.7,320.6,0
4/12/2019,74,49,61,47,30,41.1,979.17,6.9,M,0
4/13/2019,81,50,65.4,44,25,38,984.62,6,343.7,0
4/14/2019,77,52,64,42,35,39.7,983.62,5.7,311.9,0
4/15/2019,74,49,60.5,49,33,40.7,981.75,6,M,0
4/16/2019,66,52,57.6,50,45,47.2,985.35,4.1,334.9,0
4/17/2019,81,50,63.5,50,34,46.7,989.32,4.9,315.7,0
4/18/2019,90,53,71,48,39,45.5,987.84,5.8,333.6,0
4/19/2019,85,54,67.5,54,40,49.3,983.49,6.5,300.3,0
4/20/2019,67,54,59.2,52,47,49,984.75,5.9,297.5,0
4/21/2019,70,54,60,49,42,46.6,985.62,5.4,M,0
4/22/2019,79,50,63.1,52,45,47.9,984.73,5.6,309.1,0
4/23/2019,90,53,70.1,52,39,48.8,983.77,5.9,M,0
4/24/2019,86,57,69.9,52,42,49.1,984.66,4.2,311.3,0
4/25/2019,87,55,69.4,54,33,48.5,984.64,5,298.4,0
4/26/2019,81,53,64.5,55,49,52.5,985.06,6.4,286.7,0
4/27/2019,74,56,61.4,54,52,53.2,984.32,5.2,303,0
4/28/2019,78,58,64.1,54,52,53,981.05,5.3,M,0
4/29/2019,67,54,59.2,55,49,51.3,981.03,6.3,M,0.01
4/30/2019,68,55,59.3,52,46,48.8,984.73,7.5,274,0
5/1/2019,75,54,61.5,49,44,46,985.52,5.2,M,0
5/2/2019,78,51,63.1,51,48,49.1,984.66,4.5,319.7,0
5/3/2019,79,53,65.1,53,49,50.7,983.7,5.1,312.9,0
5/4/2019,80,51,63.3,53,44,50.6,982.03,M,M,0
5/5/2019,75,54,61.7,52,37,48.2,981.33,7.3,286.7,0
5/6/2019,70,55,60.8,52,44,48.2,983.1,7.2,290,0
5/7/2019,66,56,60.2,52,48,49.5,987.3,6.1,M,0
5/8/2019,65,56,60.2,51,49,50,984.85,6.3,274.1,0
5/9/2019,66,56,59.7,53,51,51.8,980.22,5.8,274.9,0
5/10/2019,65,55,58.9,55,52,53.7,980.87,2.1,M,0
5/11/2019,77,54,64.9,55,51,52.6,982.85,4.1,326.1,0
5/12/2019,79,55,66,56,51,54.2,983.76,5,314,0
5/13/2019,75,58,64.6,57,55,56.1,985.58,4.8,304.5,0
5/14/2019,83,59,66.6,57,51,55.6,985.23,4.7,M,0
5/15/2019,73,57,63.5,55,51,53.8,983.67,8,283.6,0
5/16/2019,68,55,59.9,57,43,49,983.05,7,282.2,0.01
5/17/2019,71,50,60.5,47,41,44,985.09,5.1,324.5,0
5/18/2019,74,50,61.5,54,41,44.9,983.76,6,M,0
5/19/2019,66,50,56.5,52,42,48.2,981.88,8.2,249.4,M
5/20/2019,69,51,58.8,49,41,45.5,982.69,5.8,290.8,M
5/21/2019,67,51,58.3,49,44,46.1,980.97,6.7,298.8,0
5/22/2019,66,50,54.9,49,38,46.9,977.67,3.2,5.8,0.4
5/23/2019,60,50,55.7,52,45,49.3,984.49,2.4,M,0
5/24/2019,79,49,62.4,51,38,46.9,983.78,5.9,298.9,0
5/25/2019,74,52,61.9,50,47,48.8,981.79,6.4,M,0
5/26/2019,60,52,56.2,50,44,47.4,983.5,7.2,272,0.02
5/27/2019,69,48,57.4,47,-8,37.8,985.57,4.6,M,0
5/28/2019,76,48,61.8,49,-36,42.1,982.75,4.2,M,0
5/29/2019,83,53,67.2,M,M,M,981.25,5.2,M,0
5/30/2019,85,55,67.1,54,50,52.6,982.01,6,M,M
5/31/2019,80,57,64.2,55,52,53.8,981.79,6,294.5,0
6/1/2019,72,58,63.6,54,52,52.7,981.35,7,276.6,0
6/2/2019,71,57,62.4,54,52,53.3,982.29,6.1,M,0
6/3/2019,78,57,64.3,55,52,53.6,982.52,5.1,M,0
6/4/2019,82,57,66.6,58,53,55.7,982.81,5.6,M,0
6/5/2019,86,58,69.3,60,55,57.7,983.07,5.4,M,0
6/6/2019,87,60,69.7,60,57,58.2,983.08,6.8,M,0
6/7/2019,80,60,67.7,59,56,57.4,982.16,6.3,283.2,0
6/8/2019,87,61,71.6,57,55,56.6,982.71,6,301.8,0
6/9/2019,103,59,79.7,59,36,53.9,984.05,5.4,295.1,0
6/10/2019,104,65,86.4,57,31,46.5,984.93,4.2,336,0
6/11/2019,106,67,84.6,60,45,54.2,984.91,5.1,M,0
6/12/2019,94,63,78,61,55,57.5,983.71,6.4,M,0
6/13/2019,81,60,69,59,54,57.7,983.3,7.5,M,0
6/14/2019,79,60,67.3,56,54,55.2,983.61,6.7,282.2,0
6/15/2019,82,61,67.8,58,56,56.9,983.22,5.6,298.3,0
6/16/2019,82,63,68,59,57,57.9,981.56,5.9,M,0
6/17/2019,76,60,66,59,56,57.5,982.04,6.6,283,0
6/18/2019,78,61,67.2,58,55,56.5,984.07,6.2,289.1,0
6/19/2019,86,59,69.4,59,55,57.3,984.49,6.3,M,0
6/20/2019,74,62,66.5,58,56,57,983.67,6.8,287,0
6/21/2019,74,61,66,56,53,55,982.74,7.4,286.1,0
6/22/2019,81,61,68.6,57,54,55.4,983.94,7.2,284,0
6/23/2019,90,58,71.3,58,54,56.2,984.28,6,M,0
6/24/2019,85,59,68.9,59,56,57.6,982.39,6.1,M,0
6/25/2019,76,60,65.6,59,56,57.2,982.43,6.5,285.3,0
6/26/2019,81,61,68.6,57,54,56,984.12,6.7,286.8,0
6/27/2019,88,59,70.3,58,52,55.9,985.19,5.7,300.4,0
6/28/2019,89,59,72.1,58,48,54.2,985.23,5.9,294.3,0
6/29/2019,90,61,75.3,58,31,50.4,985.26,4.3,322.8,0
6/30/2019,96,64,77.9,55,32,47.8,985.02,5.9,M,0
7/1/2019,94,62,76.6,56,46,51.4,983.84,5.3,312.1,0
7/2/2019,91,62,74.8,57,47,53.1,982.48,5.7,306.9,0
7/3/2019,86,60,71.2,58,52,56.4,981.93,6.2,M,0
7/4/2019,85,61,71.3,58,55,56.6,983.16,7.5,M,0
7/5/2019,87,60,71.4,58,54,56.9,985.38,6.4,M,0
7/6/2019,88,60,71,60,56,57.7,985.32,7.6,281.5,0
7/7/2019,86,61,69.3,59,56,57.3,984.61,6.6,282,0
7/8/2019,81,61,69.2,57,55,56,985.44,6.9,M,0
7/9/2019,90,61,73,58,50,56.3,986.04,6.1,M,0
7/10/2019,93,62,76,59,53,56,986.47,6,301.8,0
7/11/2019,96,64,79,59,50,55.1,984.3,5.2,306.6,0
7/12/2019,99,65,81,61,55,58.4,980.71,5.3,302.3,0
7/13/2019,97,68,80.9,62,58,59.9,981.19,5.6,301,0
7/14/2019,100,63,79.3,62,49,58.2,984.04,5.9,M,0
7/15/2019,100,65,81.5,60,50,56.3,982.13,4.4,312.8,0
7/16/2019,97,67,80.2,60,52,57.5,980.43,4.8,320.4,0
7/17/2019,92,62,74.1,61,55,59.5,983.23,7.3,M,0
7/18/2019,91,62,74.2,60,55,58.3,983.87,6,295.9,0
7/19/2019,88,60,71.4,59,56,57.3,983.25,6.1,M,0
7/20/2019,90,61,72.7,58,49,56.7,983.11,6.1,M,0
7/21/2019,97,62,77.4,59,55,57.3,982.8,5.8,M,0
7/22/2019,97,65,79.3,64,54,58.8,984.31,5.4,M,0.02
7/23/2019,104,74,86.7,64,54,59.3,984.34,5.4,M,0
7/24/2019,104,73,87.1,59,44,55,983.85,6.3,M,0
7/25/2019,99,75,84.9,59,52,55.5,983.94,5.5,M,0
7/26/2019,101,72,84.1,59,54,56,985.13,5.5,M,0
7/27/2019,102,70,85.2,60,55,56.5,984.48,5.7,295.7,0
7/28/2019,98,70,81.5,62,56,59.2,983.68,5.1,298.8,0
7/29/2019,94,64,77.6,63,59,61.2,982.26,6.1,M,0
7/30/2019,93,63,76.2,62,59,60.9,982.51,6.7,M,0
7/31/2019,92,65,76.8,64,59,61.5,984.3,6.8,285.7,0
8/1/2019,98,64,78.7,62,52,57.6,984.81,5.1,M,0
8/2/2019,99,64,81.3,55,44,50.7,983.68,5,318.5,0
8/3/2019,99,67,81.8,58,44,53.4,982.77,5.5,297,0
8/4/2019,99,67,80.9,59,49,55.1,983.3,5.9,295.7,0
8/5/2019,102,65,81.7,59,41,54.2,983.06,4.8,M,0
8/6/2019,104,65,79.9,61,36,57,982.57,6.1,M,0
8/7/2019,93,66,76.2,61,54,59.5,983.37,5.6,292.5,0
8/8/2019,93,63,76.4,62,48,57.2,982.89,5.1,M,0
8/9/2019,94,62,76.6,58,44,53,982.51,4.9,321.4,0
8/10/2019,90,62,74.1,58,48,54.5,983.12,5.6,301.4,0
8/11/2019,90,63,74.8,59,53,56.3,984.1,5.2,M,0
8/12/2019,93,62,75.6,61,53,57.3,M,4.9,307,M
8/13/2019,97,63,78.9,60,52,57,984.09,4.9,M,0
8/14/2019,102,66,82.8,58,47,53.1,984.24,4.6,314.4,0
8/15/2019,101,64,81,56,41,51,983.28,4.2,321.9,0
8/16/2019,96,61,75,59,43,55.4,982.77,6.3,M,0
8/17/2019,89,62,71.4,59,52,57.5,982.04,5.9,M,0
8/18/2019,89,60,71.5,60,55,58.4,982.46,5,M,0
8/19/2019,92,62,74.5,60,54,58.1,983.42,5.7,288.4,0
8/20/2019,96,63,78.1,60,41,55.9,982.85,4.4,313.2,0
8/21/2019,100,62,80.5,56,46,52.3,979.9,4.4,M,0
8/22/2019,93,64,75.3,61,49,55.3,978.5,5.5,M,0
8/23/2019,90,60,73,60,55,58.3,981.12,4.5,M,0
8/24/2019,99,65,80.4,62,53,58.6,983.31,5.4,316.5,0
8/25/2019,99,67,81.4,62,49,57,984.08,5.4,305.6,0
8/26/2019,99,71,82.5,57,45,52.1,981.28,5.1,M,M
8/27/2019,98,69,80.3,62,53,57.9,980.67,5.8,M,0
8/28/2019,91,66,76.9,63,59,61.8,983.51,6,M,0
8/29/2019,98,67,80.5,64,58,62,984.33,4.8,M,0
8/30/2019,98,69,82,60,54,58.9,983.66,4,315.2,0
8/31/2019,100,66,81.3,62,47,57.6,982.23,3.6,M,M
9/1/2019,99,68,81.7,63,57,60.7,982.05,3.9,319.1,0
9/2/2019,100,71,83.3,64,54,59.6,983.63,4.8,322.4,0
9/3/2019,98,74,85.2,63,50,58.8,982.6,5.1,M,0
9/4/2019,103,73,86,60,52,56.6,981.12,5,326.9,0
9/5/2019,98,76,85,62,55,58.7,983.97,4.6,M,0
9/6/2019,98,71,83.1,58,53,56.2,985.88,4.8,M,0
9/7/2019,94,67,80,58,52,56.3,983.5,4.7,M,0
9/8/2019,85,61,71.7,60,55,57.9,981.8,4.4,M,0
9/9/2019,87,62,72.2,60,56,57.8,980.8,5,M,0
9/10/2019,81,62,69.3,61,54,57.3,982.07,4.8,M,0.01
9/11/2019,86,63,72.2,60,54,57.1,984.35,4.5,M,0
9/12/2019,100,60,78.3,60,45,56.2,984.35,4.9,316.4,0
9/13/2019,103,65,83.2,59,34,50.7,983.28,5.1,351.6,0
9/14/2019,104,64,82.9,54,42,49,982.55,5.5,339.2,0
9/15/2019,99,66,80.1,52,38,47.5,981.76,4.7,341.7,0
9/16/2019,89,65,75.2,59,43,53,982.51,4.6,M,0
9/17/2019,88,59,72,60,39,53.1,983.49,4.1,314.2,0
9/18/2019,87,61,71.8,59,52,55.2,982.51,3.6,327.7,0
9/19/2019,83,58,68.8,59,52,55.2,981.28,4.7,M,0
9/20/2019,87,62,71,57,49,55.4,981.55,4.1,M,0
9/21/2019,95,58,75.1,58,30,52,981.4,3.9,M,0
9/22/2019,96,63,78.5,58,35,46.3,981.86,6.1,331.2,0
9/23/2019,91,62,74,59,52,55.4,983.11,4.8,M,0
9/24/2019,101,59,78.5,54,33,48.1,981.18,5.1,3.1,0
9/25/2019,92,64,75.4,61,50,55.4,980.08,5.1,306.6,0
9/26/2019,77,66,70.5,62,58,60.4,984.72,5.1,M,0
9/27/2019,75,64,68.6,61,58,59,982.43,6.5,M,0
9/28/2019,75,61,66.5,59,55,56.8,979.12,5.7,M,0
9/29/2019,75,54,63.4,54,44,49,980.78,4.3,320.7,0
9/30/2019,75,51,61.8,50,42,46.4,981.23,3.9,M,0
10/1/2019,78,50,62.8,51,42,46.6,981.63,4.1,M,0
10/2/2019,88,52,67.8,52,30,45.6,983.2,3.8,M,0
10/3/2019,84,54,67.3,52,43,47.9,983.58,4.5,329.4,0
10/4/2019,83,52,66.9,52,37,45.4,985.48,4.5,M,0
10/5/2019,90,55,70.2,48,36,44.1,985.92,3.8,M,0
10/6/2019,97,53,73.1,48,26,40.4,985.47,3.8,353.3,0
10/7/2019,95,59,74.2,48,27,40.4,983.55,5.1,348.4,0
10/8/2019,88,56,71,47,36,40.6,981.26,4.3,M,0
10/9/2019,M,M,M,M,M,M,980.65,M,M,0
10/10/2019,M,M,M,M,M,M,M,M,M,M
10/11/2019,85,62,72.1,12,-1,4.7,984.35,9.3,48.8,0
10/12/2019,88,52,69.3,43,12,25.5,981.33,4.3,8.4,0
10/13/2019,82,51,64.8,55,33,44.8,981.15,6.3,321.6,0
10/14/2019,77,58,65.3,55,47,52.2,983.63,3,325.3,0
10/15/2019,93,51,70.5,51,28,45.1,984.87,3.1,16.3,0
10/16/2019,94,59,74,51,37,43.7,982.05,5.1,356.8,0
10/17/2019,81,59,67.2,55,47,51.5,979.19,4.3,330.4,0
10/18/2019,82,55,66.2,53,41,48.9,982.39,4.3,M,0
10/19/2019,82,51,65.7,51,34,45.2,982.27,4.3,M,0
10/20/2019,87,51,70.6,48,29,37.2,982.5,5.9,26.4,0
10/21/2019,94,56,75.2,39,29,33.4,986.3,5.5,52.8,0
10/22/2019,97,60,76.6,39,27,33.1,M,4.7,38.9,M
10/23/2019,97,60,75.8,41,26,35.1,M,4.8,M,M
10/24/2019,90,65,79.5,35,4,14.1,M,9.5,22.6,M
10/25/2019,94,63,77.1,32,18,23.1,M,5.1,M,M
10/26/2019,90,58,72.7,35,25,28.9,979.84,3.9,M,0
10/27/2019,74,54,62.9,53,11,35.6,979.11,5.3,M,M
10/28/2019,76,51,64.2,24,4,9.8,984.85,7.6,33.5,0
10/29/2019,73,45,58.2,45,17,33.5,983.18,4.3,M,0
10/30/2019,67,51,59.3,42,-8,-2.7,990.8,13.1,34.2,0
10/31/2019,76,54,63.4,3,-9,-4.8,990.01,10.8,58.3,0
11/1/2019,85,45,64.4,13,-12,1.6,988.5,5.4,41.1,M
11/2/2019,86,49,65.8,32,-2,15.1,987.02,3.7,M,0
11/3/2019,83,47,63.7,34,9,23.3,984.82,4.9,27,0
11/4/2019,85,48,64.5,42,14,30.4,984.59,3.8,25.8,M
11/5/2019,87,49,66.4,47,26,36.8,985.3,4,0,M
11/6/2019,79,51,63.1,53,40,46.1,985.25,3.1,328.6,M
11/7/2019,83,48,63.9,52,39,48.2,988.13,2.6,335.2,0
11/8/2019,91,49,70.3,44,23,31.8,988.47,3.4,M,0
11/9/2019,91,55,70.9,36,16,27.4,986.08,4,29.8,M
11/10/2019,81,52,64.5,51,25,37,985.27,3.2,348.4,M
11/11/2019,78,53,61.7,54,47,51.1,986.52,2.8,325.6,M
11/12/2019,86,50,65.3,49,34,43.5,986.82,2.6,339.5,M
11/13/2019,79,51,62.7,54,37,45,985.97,2.7,335.8,M
11/14/2019,77,50,60.9,53,41,49.2,988.61,3.2,329.8,M
11/15/2019,70,51,57.6,53,47,50.4,987.65,2.3,340.4,0
11/16/2019,88,48,67.1,48,24,38,985.02,4.8,16.7,0
11/17/2019,90,58,73.9,33,22,25.8,985.27,5.2,M,0
11/18/2019,91,53,70.9,33,16,26,982.25,3.8,M,0
11/19/2019,80,59,67.4,55,29,38.8,975.65,4.6,M,0
11/20/2019,60,50,54.2,52,40,44.7,973.17,6.8,111,0.09
11/21/2019,64,50,55.4,49,44,46,982.58,2.1,343.4,M
11/22/2019,70,48,58.3,48,37,42.2,989.74,1.9,23,0
11/23/2019,73,49,61.3,41,29,34.5,989.47,7.8,45.3,M
11/24/2019,76,50,61.9,34,23,29.7,M,4.9,M,M
11/25/2019,69,44,56.5,49,19,34.7,981.33,4.8,358.1,0
11/26/2019,66,50,58,33,12,18.9,981.79,6.3,M,0
11/27/2019,58,45,49.1,47,28,39.3,975.3,4.1,8.3,0.25
11/28/2019,48,42,44.8,44,39,41.5,973.5,4.5,54.4,1.44
11/29/2019,54,39,45.7,41,32,37.7,981.42,4.9,342.9,M
11/30/2019,57,41,49.8,41,35,37.7,990.31,3.8,32.1,0
12/1/2019,63,44,53.2,39,34,36.7,989.29,3.3,M,0
12/2/2019,70,45,56.7,44,35,39.3,989.42,2.8,29.5,0
12/3/2019,69,49,59.2,45,39,42.3,987.29,2.6,30.6,0
12/4/2019,58,52,54.9,54,42,50.8,984.78,2.3,3,0.84
12/5/2019,64,48,56.4,51,44,47.9,989.16,2,28,0
12/6/2019,69,50,57.9,55,44,48.7,990.45,3.5,26.4,0.04
12/7/2019,63,55,58.7,58,52,55.1,989.8,1.6,1.9,0.01
12/8/2019,64,53,58,56,49,53.6,986.97,3.4,322.9,0.04
12/9/2019,65,49,55.1,51,44,48.1,988.07,4,311.5,0
12/10/2019,66,42,54.1,46,38,42.8,992.33,2.8,20.5,0
12/11/2019,65,42,53.6,43,35,40,991.78,2.2,7.4,0
12/12/2019,70,47,57.2,48,42,43.7,992.01,2.4,9.4,0
12/13/2019,72,48,58.2,51,42,46.6,988.86,3.3,352.4,0
12/14/2019,61,51,55.5,54,48,51.7,M,1.2,356.5,M
12/15/2019,61,46,53,48,25,38.8,986.41,4.2,351,M
12/16/2019,62,39,52.4,31,11,20.2,M,9,34.5,M
12/17/2019,63,42,52.4,17,8,12.5,993.55,7.5,M,0
12/18/2019,62,37,48,25,15,20,987.84,4.2,43.7,0
12/19/2019,66,35,51,30,15,23.8,989.8,3.5,M,0
12/20/2019,74,45,57.8,30,22,25.5,992.5,5.6,52.4,0
12/21/2019,72,46,56.3,33,22,28.4,988.96,2.9,45,0
12/22/2019,66,48,56.9,33,25,28.9,983.88,4.9,49,0
12/23/2019,56,48,50,47,31,44.5,981,3.4,13.5,M
12/24/2019,57,43,49,48,39,43.6,981.41,4.1,315.3,0
12/25/2019,53,43,48.9,44,39,42.3,983.36,4.7,71,0.01
12/26/2019,49,42,45.7,43,34,38.8,980.1,4.9,M,M
12/27/2019,59,42,49.8,39,27,34.2,983.78,4.5,M,0
12/28/2019,58,37,47,43,31,38.1,988.79,1.9,13.1,0
12/29/2019,59,39,48.8,42,30,35.8,990.34,2,22.6,0
12/30/2019,58,46,52.5,35,25,29.8,985.9,6.7,42.2,0
12/31/2019,67,48,58.3,34,28,29.8,986.77,10.3,32,0
1/1/2020,65,43,52.8,44,32,36,985.92,3.3,2.2,0
1/2/2020,72,42,55.2,45,26,38.5,985.18,4.5,M,0
1/3/2020,71,44,56.7,42,32,37.2,993.29,4,14.5,0
1/4/2020,68,41,54.2,41,35,38.9,995.94,3.8,26.4,0
1/5/2020,71,41,57.4,39,25,33.9,994.29,6.2,33.9,0
1/6/2020,74,52,62.7,26,14,19.6,995.07,7.7,59.2,0
1/7/2020,76,49,61.4,31,17,24.2,989.46,4.1,47,0
1/8/2020,62,41,51,46,29,37.6,985.55,3.8,M,0
1/9/2020,58,45,50.7,46,40,42.6,984.77,1.9,M,0
1/10/2020,65,40,51,44,31,38,992.21,2.7,7.5,0
1/11/2020,62,39,49.3,45,33,39.4,990.04,3.6,M,0
1/12/2020,60,41,49.7,44,38,41.3,988.08,2.5,3.4,0
1/13/2020,61,45,51.8,44,41,42.5,988.82,1.2,354.7,0
1/14/2020,60,40,49.5,45,37,41.8,988.88,3,M,0
1/15/2020,64,42,51.5,44,40,41.9,985.92,2.3,2.7,0
1/16/2020,59,39,49,45,33,40.3,987.37,4.4,324.9,0
1/17/2020,61,43,51.6,46,38,42.6,991.98,1.8,M,0.08
1/18/2020,69,42,57.5,36,16,25.7,991.84,8.2,51,0
1/19/2020,76,56,64.6,34,18,23.2,988.91,7.8,52.1,0
1/20/2020,61,49,55.5,48,35,42.4,987.97,3.2,324.4,0
1/21/2020,57,51,54.2,50,46,47.3,990.38,3.2,313.7,0
,,,,,,,,,,
Information is valid from midnight to midnight and for local standard time.,,,,,,,,,,
M = Missing,,,,,,,,,,
NC = Not Calculated,,,,,,,,,,
,,,,,,,,,,
Midwestern Regional Climate Center,,,,,,,,,,
cli-MATE: MRCC Application Tools Environment,,,,,,,,,,
Generated at: 1/21/2021 7:25:36 PM CST,,,,,,,,,,
